[{"model": "admin.logentry", "pk": 1, "fields": {"action_time": "2021-12-07T18:22:12.750Z", "user": 1, "content_type": 8, "object_id": "1", "object_repr": "Image object (1)", "action_flag": 1, "change_message": "[{\"added\": {}}]"}}, {"model": "admin.logentry", "pk": 2, "fields": {"action_time": "2021-12-07T18:22:55.358Z", "user": 1, "content_type": 7, "object_id": "1", "object_repr": "Наушники и гарнитуры", "action_flag": 1, "change_message": "[{\"added\": {}}]"}}, {"model": "admin.logentry", "pk": 3, "fields": {"action_time": "2021-12-07T18:24:06.865Z", "user": 1, "content_type": 10, "object_id": "1", "object_repr": "Наушники", "action_flag": 1, "change_message": "[{\"added\": {}}]"}}, {"model": "admin.logentry", "pk": 4, "fields": {"action_time": "2021-12-07T18:24:42.212Z", "user": 1, "content_type": 9, "object_id": "1", "object_repr": "Проводная гарнитура Edifier G2II черный", "action_flag": 1, "change_message": "[{\"added\": {}}, {\"added\": {\"name\": \"property\", \"object\": \"Properties object (1)\"}}, {\"added\": {\"name\": \"property\", \"object\": \"Properties object (2)\"}}, {\"added\": {\"name\": \"property\", \"object\": \"Properties object (3)\"}}, {\"added\": {\"name\": \"property\", \"object\": \"Properties object (4)\"}}, {\"added\": {\"name\": \"property\", \"object\": \"Properties object (5)\"}}]"}}, {"model": "admin.logentry", "pk": 5, "fields": {"action_time": "2021-12-07T18:26:12.387Z", "user": 1, "content_type": 8, "object_id": "2", "object_repr": "Image object (2)", "action_flag": 1, "change_message": "[{\"added\": {}}]"}}, {"model": "admin.logentry", "pk": 6, "fields": {"action_time": "2021-12-07T18:26:26.370Z", "user": 1, "content_type": 8, "object_id": "3", "object_repr": "Image object (3)", "action_flag": 1, "change_message": "[{\"added\": {}}]"}}, {"model": "admin.logentry", "pk": 7, "fields": {"action_time": "2021-12-07T18:29:22.826Z", "user": 1, "content_type": 9, "object_id": "2", "object_repr": "Радиочастотная гарнитура HyperX Cloud II Wireless черный", "action_flag": 1, "change_message": "[{\"added\": {}}, {\"added\": {\"name\": \"property\", \"object\": \"Properties object (6)\"}}, {\"added\": {\"name\": \"property\", \"object\": \"Properties object (7)\"}}, {\"added\": {\"name\": \"property\", \"object\": \"Properties object (8)\"}}, {\"added\": {\"name\": \"property\", \"object\": \"Properties object (9)\"}}, {\"added\": {\"name\": \"property\", \"object\": \"Properties object (10)\"}}, {\"added\": {\"name\": \"property\", \"object\": \"Properties object (11)\"}}]"}}, {"model": "admin.logentry", "pk": 8, "fields": {"action_time": "2021-12-07T18:31:33.491Z", "user": 1, "content_type": 7, "object_id": "1", "object_repr": "Наушники и гарнитуры", "action_flag": 2, "change_message": "[{\"changed\": {\"fields\": [\"Icon\"]}}]"}}, {"model": "admin.logentry", "pk": 9, "fields": {"action_time": "2021-12-07T18:34:02.412Z", "user": 1, "content_type": 8, "object_id": "4", "object_repr": "Image object (4)", "action_flag": 1, "change_message": "[{\"added\": {}}]"}}, {"model": "admin.logentry", "pk": 10, "fields": {"action_time": "2021-12-07T18:34:16.904Z", "user": 1, "content_type": 8, "object_id": "5", "object_repr": "Image object (5)", "action_flag": 1, "change_message": "[{\"added\": {}}]"}}, {"model": "admin.logentry", "pk": 11, "fields": {"action_time": "2021-12-07T18:34:18.949Z", "user": 1, "content_type": 8, "object_id": "6", "object_repr": "Image object (6)", "action_flag": 1, "change_message": "[{\"added\": {}}]"}}, {"model": "admin.logentry", "pk": 12, "fields": {"action_time": "2021-12-07T18:36:09.192Z", "user": 1, "content_type": 9, "object_id": "3", "object_repr": "Проводная гарнитура Aceline AHG-325 черный", "action_flag": 1, "change_message": "[{\"added\": {}}, {\"added\": {\"name\": \"property\", \"object\": \"Properties object (12)\"}}, {\"added\": {\"name\": \"property\", \"object\": \"Properties object (13)\"}}, {\"added\": {\"name\": \"property\", \"object\": \"Properties object (14)\"}}, {\"added\": {\"name\": \"property\", \"object\": \"Properties object (15)\"}}, {\"added\": {\"name\": \"property\", \"object\": \"Properties object (16)\"}}, {\"added\": {\"name\": \"property\", \"object\": \"Properties object (17)\"}}, {\"added\": {\"name\": \"property\", \"object\": \"Properties object (18)\"}}, {\"added\": {\"name\": \"property\", \"object\": \"Properties object (19)\"}}]"}}, {"model": "admin.logentry", "pk": 13, "fields": {"action_time": "2021-12-07T18:37:23.385Z", "user": 1, "content_type": 8, "object_id": "7", "object_repr": "Image object (7)", "action_flag": 1, "change_message": "[{\"added\": {}}]"}}, {"model": "admin.logentry", "pk": 14, "fields": {"action_time": "2021-12-07T18:37:34.482Z", "user": 1, "content_type": 8, "object_id": "8", "object_repr": "Image object (8)", "action_flag": 1, "change_message": "[{\"added\": {}}]"}}, {"model": "admin.logentry", "pk": 15, "fields": {"action_time": "2021-12-07T18:37:46.783Z", "user": 1, "content_type": 8, "object_id": "9", "object_repr": "Image object (9)", "action_flag": 1, "change_message": "[{\"added\": {}}]"}}, {"model": "admin.logentry", "pk": 16, "fields": {"action_time": "2021-12-07T18:38:26.872Z", "user": 1, "content_type": 10, "object_id": "2", "object_repr": "Колонки", "action_flag": 1, "change_message": "[{\"added\": {}}]"}}, {"model": "admin.logentry", "pk": 17, "fields": {"action_time": "2021-12-07T18:39:21.838Z", "user": 1, "content_type": 7, "object_id": "2", "object_repr": "Колонки", "action_flag": 1, "change_message": "[{\"added\": {}}]"}}, {"model": "admin.logentry", "pk": 18, "fields": {"action_time": "2021-12-07T18:40:56.040Z", "user": 1, "content_type": 9, "object_id": "4", "object_repr": "Колонки 2.0 Defender SPK-33", "action_flag": 1, "change_message": "[{\"added\": {}}, {\"added\": {\"name\": \"property\", \"object\": \"Properties object (20)\"}}, {\"added\": {\"name\": \"property\", \"object\": \"Properties object (21)\"}}, {\"added\": {\"name\": \"property\", \"object\": \"Properties object (22)\"}}, {\"added\": {\"name\": \"property\", \"object\": \"Properties object (23)\"}}, {\"added\": {\"name\": \"property\", \"object\": \"Properties object (24)\"}}, {\"added\": {\"name\": \"property\", \"object\": \"Properties object (25)\"}}, {\"added\": {\"name\": \"property\", \"object\": \"Properties object (26)\"}}, {\"added\": {\"name\": \"property\", \"object\": \"Properties object (27)\"}}]"}}, {"model": "admin.logentry", "pk": 19, "fields": {"action_time": "2021-12-07T18:42:37.216Z", "user": 1, "content_type": 8, "object_id": "10", "object_repr": "Image object (10)", "action_flag": 1, "change_message": "[{\"added\": {}}]"}}, {"model": "admin.logentry", "pk": 20, "fields": {"action_time": "2021-12-07T18:42:48.234Z", "user": 1, "content_type": 8, "object_id": "11", "object_repr": "Image object (11)", "action_flag": 1, "change_message": "[{\"added\": {}}]"}}, {"model": "admin.logentry", "pk": 21, "fields": {"action_time": "2021-12-07T18:44:41.829Z", "user": 1, "content_type": 9, "object_id": "5", "object_repr": "Колонки 2.0 DEXP R110", "action_flag": 1, "change_message": "[{\"added\": {}}, {\"added\": {\"name\": \"property\", \"object\": \"Properties object (28)\"}}, {\"added\": {\"name\": \"property\", \"object\": \"Properties object (29)\"}}, {\"added\": {\"name\": \"property\", \"object\": \"Properties object (30)\"}}, {\"added\": {\"name\": \"property\", \"object\": \"Properties object (31)\"}}, {\"added\": {\"name\": \"property\", \"object\": \"Properties object (32)\"}}, {\"added\": {\"name\": \"property\", \"object\": \"Properties object (33)\"}}, {\"added\": {\"name\": \"property\", \"object\": \"Properties object (34)\"}}, {\"added\": {\"name\": \"property\", \"object\": \"Properties object (35)\"}}, {\"added\": {\"name\": \"property\", \"object\": \"Properties object (36)\"}}, {\"added\": {\"name\": \"property\", \"object\": \"Properties object (37)\"}}, {\"added\": {\"name\": \"property\", \"object\": \"Properties object (38)\"}}]"}}, {"model": "admin.logentry", "pk": 22, "fields": {"action_time": "2021-12-07T18:46:43.550Z", "user": 1, "content_type": 8, "object_id": "12", "object_repr": "Image object (12)", "action_flag": 1, "change_message": "[{\"added\": {}}]"}}, {"model": "admin.logentry", "pk": 23, "fields": {"action_time": "2021-12-07T18:46:45.117Z", "user": 1, "content_type": 8, "object_id": "13", "object_repr": "Image object (13)", "action_flag": 1, "change_message": "[{\"added\": {}}]"}}, {"model": "admin.logentry", "pk": 24, "fields": {"action_time": "2021-12-07T18:46:56.143Z", "user": 1, "content_type": 8, "object_id": "14", "object_repr": "Image object (14)", "action_flag": 1, "change_message": "[{\"added\": {}}]"}}, {"model": "admin.logentry", "pk": 25, "fields": {"action_time": "2021-12-07T18:47:07.637Z", "user": 1, "content_type": 8, "object_id": "15", "object_repr": "Image object (15)", "action_flag": 1, "change_message": "[{\"added\": {}}]"}}, {"model": "admin.logentry", "pk": 26, "fields": {"action_time": "2021-12-07T18:48:26.813Z", "user": 1, "content_type": 10, "object_id": "3", "object_repr": "Самокаты", "action_flag": 1, "change_message": "[{\"added\": {}}]"}}, {"model": "admin.logentry", "pk": 27, "fields": {"action_time": "2021-12-07T18:48:44.577Z", "user": 1, "content_type": 7, "object_id": "3", "object_repr": "Отдых и развлечения", "action_flag": 1, "change_message": "[{\"added\": {}}]"}}, {"model": "admin.logentry", "pk": 28, "fields": {"action_time": "2021-12-07T18:50:46.629Z", "user": 1, "content_type": 9, "object_id": "6", "object_repr": "Электросамокат DIGMA Mini Lite голубой", "action_flag": 1, "change_message": "[{\"added\": {}}, {\"added\": {\"name\": \"property\", \"object\": \"Properties object (39)\"}}, {\"added\": {\"name\": \"property\", \"object\": \"Properties object (40)\"}}, {\"added\": {\"name\": \"property\", \"object\": \"Properties object (41)\"}}, {\"added\": {\"name\": \"property\", \"object\": \"Properties object (42)\"}}, {\"added\": {\"name\": \"property\", \"object\": \"Properties object (43)\"}}, {\"added\": {\"name\": \"property\", \"object\": \"Properties object (44)\"}}, {\"added\": {\"name\": \"property\", \"object\": \"Properties object (45)\"}}, {\"added\": {\"name\": \"property\", \"object\": \"Properties object (46)\"}}, {\"added\": {\"name\": \"property\", \"object\": \"Properties object (47)\"}}, {\"added\": {\"name\": \"property\", \"object\": \"Properties object (48)\"}}, {\"added\": {\"name\": \"property\", \"object\": \"Properties object (49)\"}}]"}}, {"model": "admin.logentry", "pk": 29, "fields": {"action_time": "2021-12-07T18:52:13.413Z", "user": 1, "content_type": 8, "object_id": "16", "object_repr": "Image object (16)", "action_flag": 1, "change_message": "[{\"added\": {}}]"}}, {"model": "admin.logentry", "pk": 30, "fields": {"action_time": "2021-12-07T18:52:24.540Z", "user": 1, "content_type": 8, "object_id": "17", "object_repr": "Image object (17)", "action_flag": 1, "change_message": "[{\"added\": {}}]"}}, {"model": "admin.logentry", "pk": 31, "fields": {"action_time": "2021-12-07T18:52:35.525Z", "user": 1, "content_type": 8, "object_id": "18", "object_repr": "Image object (18)", "action_flag": 1, "change_message": "[{\"added\": {}}]"}}, {"model": "admin.logentry", "pk": 32, "fields": {"action_time": "2021-12-07T18:54:17.671Z", "user": 1, "content_type": 9, "object_id": "7", "object_repr": "Электросамокат Mekotron KICK SCOOTER JET черный", "action_flag": 1, "change_message": "[{\"added\": {}}, {\"added\": {\"name\": \"property\", \"object\": \"Properties object (50)\"}}, {\"added\": {\"name\": \"property\", \"object\": \"Properties object (51)\"}}, {\"added\": {\"name\": \"property\", \"object\": \"Properties object (52)\"}}, {\"added\": {\"name\": \"property\", \"object\": \"Properties object (53)\"}}, {\"added\": {\"name\": \"property\", \"object\": \"Properties object (54)\"}}, {\"added\": {\"name\": \"property\", \"object\": \"Properties object (55)\"}}, {\"added\": {\"name\": \"property\", \"object\": \"Properties object (56)\"}}, {\"added\": {\"name\": \"property\", \"object\": \"Properties object (57)\"}}]"}}, {"model": "admin.logentry", "pk": 33, "fields": {"action_time": "2021-12-16T17:50:18.668Z", "user": 1, "content_type": 10, "object_id": "4", "object_repr": "Игровые наушники", "action_flag": 1, "change_message": "[{\"added\": {}}]"}}, {"model": "admin.logentry", "pk": 34, "fields": {"action_time": "2021-12-16T17:51:03.311Z", "user": 1, "content_type": 9, "object_id": "2", "object_repr": "Радиочастотная гарнитура HyperX Cloud II Wireless черный", "action_flag": 2, "change_message": "[{\"changed\": {\"fields\": [\"Tags\"]}}]"}}, {"model": "admin.logentry", "pk": 35, "fields": {"action_time": "2021-12-16T17:51:08.432Z", "user": 1, "content_type": 9, "object_id": "1", "object_repr": "Проводная гарнитура Edifier G2II черный", "action_flag": 2, "change_message": "[{\"changed\": {\"fields\": [\"Tags\"]}}]"}}, {"model": "admin.logentry", "pk": 36, "fields": {"action_time": "2021-12-16T17:51:18.285Z", "user": 1, "content_type": 9, "object_id": "3", "object_repr": "Проводная гарнитура Aceline AHG-325 черный", "action_flag": 2, "change_message": "[{\"changed\": {\"fields\": [\"Tags\"]}}]"}}, {"model": "admin.logentry", "pk": 37, "fields": {"action_time": "2022-03-21T19:41:22.049Z", "user": 1, "content_type": 13, "object_id": "7", "object_repr": "Free", "action_flag": 2, "change_message": "[{\"changed\": {\"fields\": [\"Min sum\"]}}]"}}, {"model": "admin.logentry", "pk": 38, "fields": {"action_time": "2022-03-21T19:42:25.604Z", "user": 1, "content_type": 13, "object_id": "5", "object_repr": "Custom", "action_flag": 2, "change_message": "[{\"changed\": {\"fields\": [\"Max sum\"]}}]"}}, {"model": "auth.user", "pk": 1, "fields": {"password": "pbkdf2_sha256$260000$XJstZ5RhDUuQj0vTYSCXvb$SQP2x4dWeThbWt1owJ/ah+mXHxZn4B8r+7xdnCiEdcQ=", "last_login": "2022-03-21T19:39:04.798Z", "is_superuser": true, "username": "admin", "first_name": "", "last_name": "Админов Админ", "email": "8951356@mail.ru", "is_staff": true, "is_active": true, "date_joined": "2021-12-07T18:20:51.985Z", "groups": [], "user_permissions": []}}, {"model": "sessions.session", "pk": "0vik1448lkitw20i6rsg58h50ulpwxp6", "fields": {"session_data": ".eJxVjDsOwjAQRO-ydWQtZG1jl_ScIVp_QgzIAccpUJS7Q6Q0aaaY92YW8Fwq2AXaLT4z55rqF2zbwLskH8EqRIHr2kDHcx26eYqlSwEsnODQOfbPmDcQHpzvo_BjriU5sSlip5O4jSG-rrt7OBh4Gv5rc1GSnXJkDKMj6froSUsdvUIpz7KNofcaDSIpqYjQqYsk7YhMz4EirD-JE0Qr:1muffo:7VINii80Bn4YY61uZJOSVULMh9UzFUWUwx84Bh9Ihb4", "expire_date": "2021-12-21T18:58:44.060Z"}}, {"model": "sessions.session", "pk": "5ntfd0ejrtx9jo2oqv8ca8w9puvzjl4i", "fields": {"session_data": ".eJxVjDsOwjAQRO-ydWQ5sGtjl_ScIVp_QgzIAccpUJS7Q6Q0aaaY92YW8Fwq2AVoi8_Muab6Bds28C7JR7CKpJDr2kDHcx26eYqlSwEstHDoHPtnzBsID873Ufgx15Kc2BSx00ncxhBf1909HAw8Df-1uShipxwaw9IhuT561KSjV5LoROcYeq-lkRIVKUTp1IVQO0TTc8AI6w-MpkQw:1mvORd:ivg4-tnzxybqNv27ztN3gkocslCcNLCYG3XcwU4szVo", "expire_date": "2021-12-23T18:47:05.814Z"}}, {"model": "sessions.session", "pk": "5sk9uq2j6gde4oyyi0ku9jm3apwz5bgj", "fields": {"session_data": ".eJxVjDEOgzAMRe_iuYrS1k4IY_eeAdmJKbQVkRKYEHdvkVhY_3vvrxC5zNCu2wU6XuahW6qWbkzQwhVOm3D86LSD9ObplU3M01xGMbtiDlrNMyf9Pg73dDBwHf51aByxOMEQ2AqS9BrRk9foLNGN7pr66G2wFh05RCuuIfSCGHpOqLD9ABu3OqE:1mxwcE:kO0YKjI49YBQgYbWKIIQoAojD5Lo5zAL4Pclt6Cc06s", "expire_date": "2021-12-30T19:40:34.672Z"}}, {"model": "sessions.session", "pk": "6fzl2dtyztxolw55v8o4u5bwz4cws8fb", "fields": {"session_data": "eyJjYXJ0Ijp7IjUiOnsicXVhbnRpdHkiOjEsInByaWNlIjo2NTAuMH19fQ:1nPTh6:im4khATSfwDidvukMOAdHsz6ekGwCQZyycIvSMExuxY", "expire_date": "2022-03-16T18:27:24.061Z"}}, {"model": "sessions.session", "pk": "7jy3d0j8ouii9vw6oieobbnyd1w3xfup", "fields": {"session_data": "eyJjYXJ0Ijp7fX0:1nP9ap:VSwyEMDHuCLxqim1_qx8nqmF8z2ROeduC1qmPiOJK_I", "expire_date": "2022-03-15T20:59:35.036Z"}}, {"model": "sessions.session", "pk": "brl7zuwjef3no9vtqvvj2erlqu2a6bi2", "fields": {"session_data": ".eJyFkcFOxCAQhl9lw1kbuh1o6dG7b2DSDDC1VRdWSjWbTd9dYFfNXvTyhcz88w_8nJnBEFl_ZiLjfUUX53hifX3HjmE2xHopeMW37Y4NuMZpWBcKw2xZz2p2U9NoXsnlhn1B9-wr410Ms66ypLp2l-rRW3p7uGpvDCZcpjStOilQSw1KIdcg9EgGWtGSkVyIvWjIjqblinOQQgJwLTsBrQZQI1qgZOqDpZDfM94H_1kOs0_WTyuHmmc2UGgKu0JbSIX73d_SXVpynLxL8bBOibpp1F5ADgStDbQs12UNZkJTWNygvtRZCnT5vp0pkf83kVbi6UAuDgeKk89JB3TWHwY0xq8uJkXKdv6gcPqV_FQu37lt2xc5cZte:1nWOMi:TJ4q4qbalNaRzLp579CNWJcskI6cFghQVW7FxUtgCZA", "expire_date": "2022-04-04T20:10:56.709Z"}}, {"model": "sessions.session", "pk": "g7071y73ipc9rpqvedislv0l57ojpgg8", "fields": {"session_data": "eyJjYXJ0Ijp7fX0:1nOlJH:OjnXSUdNHc6iznrh8QjZwml3tgci0PPKPn9QUy3L4ik", "expire_date": "2022-03-14T19:03:51.340Z"}}, {"model": "sessions.session", "pk": "gcbn09sqgg1d9cv93p74vs69ov11yrtn", "fields": {"session_data": "eyJjYXJ0Ijp7fX0:1nPTnx:LtlJeJ85ptmLzh46_TwUpCpYNsU2DaX1Lww8enH8uPQ", "expire_date": "2022-03-16T18:34:29.813Z"}}, {"model": "sessions.session", "pk": "gt79uup3euga7aaowhvt69r8zgn7f7g4", "fields": {"session_data": ".eJx1zD0OgzAMBeC7eK4iU-yEMHbvGZDzQ6GtoIUwVIi7FyQWBhYPft97M3gZEpQz5Nv5TtKlNv2gzC7wGVofodSICpcLZGcg512YM1EU1q5iJZVMqammMQ5VG6BcRw8_J_4Vuy0IT-kevfJ9l4bWqY2oPR3VvQ_xfdvtYaCRsVnbttAsTjuyVtARuzp6Mmyi18h85TyG2hu0iKRZE6HTBZNxRLaWQBGWP_UUWBE:1n06v9:lcn5sCSkJKjuhUTOkXkIWuK2LvX3hnYQSNQWnc6_Ux8", "expire_date": "2022-01-05T19:05:03.021Z"}}, {"model": "sessions.session", "pk": "hwtvhpp6wghkgjdg4zkqk47qjhul4uz9", "fields": {"session_data": ".eJx9kdtOwzAMhl9lyvWo0tZJD5fc8wZIVQ4uLdBkpClomvruJGnHmJC4-WXFn3879oUo4TxpL6SM8rEI40d_Jm1xJCc3KiQtpzSj65Hk90D-A5QsEQHpxOKHbpnRdaMmbSi5e5NCvaGJCf0qzIvNlDXejTKLSLZn5-zJanx_3Nk7g0HMQ6huas6E5BKaRlAJTPaooGIVKk4ZK1iJulcVbSgFzjgAlbxmUEmAphcaMJhap9HFD_UPzn6lYLTB-nmhkNOoJSRVSeukOikmLQ7_o4fQ5DRYE_ZD6oblZdkUDOJChNYO5_nabDNlUeGvKdBf6TzFlIRNz9exVTrGZqVu8-2s2Gbd68JE4jyh8d2EfrDxEE4YbadOKGUX4wMRVj9-ojvfkN4hdtup13X9BvWgq58:1mxDQo:o8htu1jGKf3M33wDLlseKdI_SFb0LPh-3t0C_AL_Gio", "expire_date": "2021-12-28T19:25:46.786Z"}}, {"model": "sessions.session", "pk": "ijj5pw0cgmybxkmgkzqf0obp02t24hr6", "fields": {"session_data": ".eJyFkM1uwyAQhF8l4pxa2F6wybH3vkEla4F17TaGCONWVuR3L6bp36W9fEK7szNorqzDJQ7dMlPoRstOrGTHnzON5oXcvrDP6J58YbyLYdTFLilu27l48JbO9zftL4MB5yFdq1YK1FKDUsg1CN2TgUY0ZCQXohI12d40XHEOUkgArmUroNEAqkcLlEx9sBTY6cr6u-Df8mP0yfpx4VDynTVkmsw202ZSZnX4W3pIIZfBO0qmrRJlXatKwF4IWhtonm9hNe6EOjO7QfkxZ9uRzZ-_M2Nc_79IkbhO5GI3URz83nRAZ_3UoTF-cTEpUrfjK4X1W_I1uYTRENtSrsEQU-y2vQO27ZHP:1nWO68:2Ki_RsKYBEU3oZ7Z_4UHUyi_30u-2asH-Oii11vnW2A", "expire_date": "2022-04-04T19:53:48.092Z"}}, {"model": "sessions.session", "pk": "j3yjvwa7uzdc6b3y8zbt1mtc81w7lbqh", "fields": {"session_data": ".eJx9kc9uwyAMxl-l4txFpJgk9Lj73mBSxB9nYWuhI2RTVOXdBzTT1ksvP1n2Zxt_XImWIZLjlUDG5yxdtHEhR7Ynl2A1pojTiq57Ut8L6v-CrEiSXs5x7OcJQ28NOaaWu5yS-gNdLph36d58pb2LwaoqS6qtOlUv3uDpedPeDRjlNKZu0TVcqkaBEJIq4GpADS1vUTeU8wNnaAbdUkEpNLwBoKrpOLQKQAzSAKahPhgM-aDhKfjvElifRr_OFGqayaBQF3aFphALD7vH0l1achm9S_6QTvCaMXHgkA2RxgScpm0Zk5nACss0qG95kgydfl-ni-cPO4DllXI5o4v9GePos9PenazLFydP7ReG5a80BMT-9ofruv4AlmCgCQ:1nPUlW:Uf1IeHZV3TR9WyXWaaOnmFCf-rd8k1IR5DGtqn-F8FI", "expire_date": "2022-03-16T19:36:02.025Z"}}, {"model": "sessions.session", "pk": "p57w4shguemqbe08xre105xo8cl5agkp", "fields": {"session_data": ".eJyrVkpOLCpRsqpWMgYRhaWJeSWZJZVKVoY6SgVFmcmpSlZmBgZ6BrU6SqY4FZhCFJjgUmAMVlBbCwAmZyET:1nPTxF:WKkhSWkYkpkY8nEOSiT-zlaA34wgeTVT7yYibVf-WTo", "expire_date": "2022-03-16T18:44:05.027Z"}}, {"model": "sessions.session", "pk": "qgcph2n6f3ajihispqpbk8x7k5oqcwex", "fields": {"session_data": ".eJxVjL0OgzAQg9_lZhQd7V1CGLv3GdDlh5K2ghbCUCHevSCxsFiWP9sLeBkz1AtcdvnO0ueUf1CXBXzG5OPmSkZUuK4FNDLnrpmnODYpQA0lnDIn_hX7HYSn9I9B-aHPY3Jqr6iDTuo-hPi-Hd3TQSdTt61tpVmcdmStoCN2bfRk2ESvkfnC1xhab9AikmZNhE5XTMYR2VYCRVj_4T9EiQ:1nPUC1:eACokvfYsUwkPDee5c4NCz2vZmVB9ou2JbUKnSTCT0A", "expire_date": "2022-03-16T18:59:21.969Z"}}, {"model": "sessions.session", "pk": "xsje892u19uti858e4a666xlp0md4ds9", "fields": {"session_data": "eyJjYXJ0Ijp7fX0:1mufoE:1cIojQdmM1xfe1XPF59b5D3RnXWCwF9As2xFVTxYyZI", "expire_date": "2021-12-21T19:07:26.177Z"}}, {"model": "sessions.session", "pk": "yik9vsc7fs5b76jlau55kxqdzc4iia1e", "fields": {"session_data": "eyJjYXJ0Ijp7fX0:1nPTjQ:z6Y4U3IlLLPUImFsYTFdiJ8cTWc7LKRySDyi0N-X_Ig", "expire_date": "2022-03-16T18:29:48.305Z"}}, {"model": "app_shop.category", "pk": 1, "fields": {"name": "Наушники и гарнитуры", "slug": "naushniki-i-garnituryi", "parent_category": null, "icon": "uploads/category/icons/2.svg", "description": ""}}, {"model": "app_shop.category", "pk": 2, "fields": {"name": "Колонки", "slug": "kolonki", "parent_category": null, "icon": "uploads/category/icons/5.svg", "description": ""}}, {"model": "app_shop.category", "pk": 3, "fields": {"name": "Отдых и развлечения", "slug": "otdyih-i-razvlecheniya", "parent_category": null, "icon": "uploads/category/icons/6.svg", "description": ""}}, {"model": "app_shop.tags", "pk": 1, "fields": {"name": "Наушники", "description": ""}}, {"model": "app_shop.tags", "pk": 2, "fields": {"name": "Колонки", "description": ""}}, {"model": "app_shop.tags", "pk": 3, "fields": {"name": "Самокаты", "description": ""}}, {"model": "app_shop.tags", "pk": 4, "fields": {"name": "Игровые наушники", "description": ""}}, {"model": "app_shop.image", "pk": 1, "fields": {"image": "uploads/images/3cd3a797e6fa40cb033e566cad8484bd327f4dfcc7dc6a7ccac5dc68fce8cb87.png_D5WSrpj.webp", "alt": "Edifier G2II", "title": "Edifier G2II"}}, {"model": "app_shop.image", "pk": 2, "fields": {"image": "uploads/images/c0f050eed4d08eb0149766838ef936da4ccee2f3fe4b1b73e2348a1fc0ede1cf.jpg_LQ811KR.webp", "alt": "HyperX Cloud", "title": "HyperX Cloud"}}, {"model": "app_shop.image", "pk": 3, "fields": {"image": "uploads/images/66999ac5dc047c2436f75509aa17fdfa93af78a7c49ea5e59cdd09e5f2bd5279.jpg_7d9I0kt.webp", "alt": "HyperX Cloud", "title": "HyperX Cloud"}}, {"model": "app_shop.image", "pk": 4, "fields": {"image": "uploads/images/994eac0395a32247ce7ce2ab284c561a8bb0821029145c949240843ec697a1b0.jpg.webp", "alt": "Aceline AHG-325", "title": "Aceline AHG-325"}}, {"model": "app_shop.image", "pk": 5, "fields": {"image": "uploads/images/1c3d737e9eb295beb85ec8d64589e4868168a767c94f2f9687f51583e50ca250.jpg.webp", "alt": "Aceline AHG-325", "title": "Aceline AHG-325"}}, {"model": "app_shop.image", "pk": 6, "fields": {"image": "uploads/images/1c3d737e9eb295beb85ec8d64589e4868168a767c94f2f9687f51583e50ca250.jpg_5FC8wnH.webp", "alt": "Aceline AHG-325", "title": "Aceline AHG-325"}}, {"model": "app_shop.image", "pk": 7, "fields": {"image": "uploads/images/97274aae70d2535757ff49911236b1c4d7f689be95637b132c464119b3900d60.jpg.webp", "alt": "Defender SPK-33", "title": "Defender SPK-33"}}, {"model": "app_shop.image", "pk": 8, "fields": {"image": "uploads/images/5b53724e8265f58d14249efceb4bc8d6752fb8c7dda5ec1f8e6d13a225d06c66.jpg.webp", "alt": "Defender SPK-33", "title": "Defender SPK-33"}}, {"model": "app_shop.image", "pk": 9, "fields": {"image": "uploads/images/5b53724e8265f58d14249efceb4bc8d6752fb8c7dda5ec1f8e6d13a225d06c66.jpg_1GT6RGO.webp", "alt": "Defender SPK-33", "title": "Defender SPK-33"}}, {"model": "app_shop.image", "pk": 10, "fields": {"image": "uploads/images/431c0d42709768447dddc0bb84666364bb3168f238e0b153255d6a864e994835.jpg.webp", "alt": "Колонки 2.0 DEXP R110", "title": "Колонки 2.0 DEXP R110"}}, {"model": "app_shop.image", "pk": 11, "fields": {"image": "uploads/images/0f4db529a445ba7fb98044c20800d959a0616605f285fa752045a43f69ee255f.jpg.webp", "alt": "Колонки 2.0 DEXP R110", "title": "Колонки 2.0 DEXP R110"}}, {"model": "app_shop.image", "pk": 12, "fields": {"image": "uploads/images/23407f8e432fe082f7db74789438bd2077af958ea0b1a56a0d18d468fcebd3f5.jpg.webp", "alt": "DIGMA Mini Lite голубой", "title": "DIGMA Mini Lite голубой"}}, {"model": "app_shop.image", "pk": 13, "fields": {"image": "uploads/images/23407f8e432fe082f7db74789438bd2077af958ea0b1a56a0d18d468fcebd3f5.jpg_TvdixyX.webp", "alt": "DIGMA Mini Lite голубой", "title": "DIGMA Mini Lite голубой"}}, {"model": "app_shop.image", "pk": 14, "fields": {"image": "uploads/images/d302ba30797e7d494a573f021fae3db7fffadad1ebd4ec29cdaca947e8d8893d.jpg.webp", "alt": "DIGMA Mini Lite голубой", "title": "DIGMA Mini Lite голубой"}}, {"model": "app_shop.image", "pk": 15, "fields": {"image": "uploads/images/23407f8e432fe082f7db74789438bd2077af958ea0b1a56a0d18d468fcebd3f5.jpg_dCqy4XE.webp", "alt": "DIGMA Mini Lite голубой", "title": "DIGMA Mini Lite голубой"}}, {"model": "app_shop.image", "pk": 16, "fields": {"image": "uploads/images/f8c3d4bb00e27309913b9d882398edc2dfcd5622477432cdbc76cad63b12813e.jpg.webp", "alt": "Mekotron KICK SCOOTER", "title": "Mekotron KICK SCOOTER"}}, {"model": "app_shop.image", "pk": 17, "fields": {"image": "uploads/images/f8c3d4bb00e27309913b9d882398edc2dfcd5622477432cdbc76cad63b12813e.jpg_1.webp", "alt": "Mekotron KICK SCOOTER", "title": "Mekotron KICK SCOOTER"}}, {"model": "app_shop.image", "pk": 18, "fields": {"image": "uploads/images/e01a5bfa256a8ecc982f094b8fa4419ac08e565f3e943b20d28edff614760eb1.jpg.webp", "alt": "Mekotron KICK SCOOTER", "title": "Mekotron KICK SCOOTER"}}, {"model": "app_shop.properties", "pk": 1, "fields": {"name": "Гарантия", "value": "24 мес.", "product": 1}}, {"model": "app_shop.properties", "pk": 2, "fields": {"name": "Страна-производитель", "value": "Китай", "product": 1}}, {"model": "app_shop.properties", "pk": 3, "fields": {"name": "Тип", "value": "проводная гарнитура", "product": 1}}, {"model": "app_shop.properties", "pk": 4, "fields": {"name": "Модель", "value": "Edifier G2II", "product": 1}}, {"model": "app_shop.properties", "pk": 5, "fields": {"name": "Игровые наушники", "value": "да", "product": 1}}, {"model": "app_shop.properties", "pk": 6, "fields": {"name": "Гарантия", "value": "24 мес.", "product": 2}}, {"model": "app_shop.properties", "pk": 7, "fields": {"name": "Страна-производитель", "value": "Китай", "product": 2}}, {"model": "app_shop.properties", "pk": 8, "fields": {"name": "Тип", "value": "радиочастотная гарнитура", "product": 2}}, {"model": "app_shop.properties", "pk": 9, "fields": {"name": "Модель", "value": "HyperX Cloud II Wireless", "product": 2}}, {"model": "app_shop.properties", "pk": 10, "fields": {"name": "Игровые наушники", "value": "да", "product": 2}}, {"model": "app_shop.properties", "pk": 11, "fields": {"name": "Способ передачи сигнала", "value": "радиоканал", "product": 2}}, {"model": "app_shop.properties", "pk": 12, "fields": {"name": "Гарантия", "value": "12 мес.", "product": 3}}, {"model": "app_shop.properties", "pk": 13, "fields": {"name": "Страна-производитель", "value": "Китай", "product": 3}}, {"model": "app_shop.properties", "pk": 14, "fields": {"name": "Тип", "value": "проводная гарнитура", "product": 3}}, {"model": "app_shop.properties", "pk": 15, "fields": {"name": "Модель", "value": "Aceline AHG-325", "product": 3}}, {"model": "app_shop.properties", "pk": 16, "fields": {"name": "Игровые наушники", "value": "да", "product": 3}}, {"model": "app_shop.properties", "pk": 17, "fields": {"name": "Способ передачи сигнала", "value": "проводной", "product": 3}}, {"model": "app_shop.properties", "pk": 18, "fields": {"name": "Тип конструкции", "value": "накладные", "product": 3}}, {"model": "app_shop.properties", "pk": 19, "fields": {"name": "Формат звуковой схемы", "value": "2.0", "product": 3}}, {"model": "app_shop.properties", "pk": 20, "fields": {"name": "Гарантия АСЦ", "value": "3 мес", "product": 4}}, {"model": "app_shop.properties", "pk": 21, "fields": {"name": "Страна-производитель", "value": "Китай", "product": 4}}, {"model": "app_shop.properties", "pk": 22, "fields": {"name": "Тип", "value": "колонки", "product": 4}}, {"model": "app_shop.properties", "pk": 23, "fields": {"name": "Формат системы", "value": "2.0", "product": 4}}, {"model": "app_shop.properties", "pk": 24, "fields": {"name": "Основной цвет", "value": "черный", "product": 4}}, {"model": "app_shop.properties", "pk": 25, "fields": {"name": "Мощность", "value": "5 Вт", "product": 4}}, {"model": "app_shop.properties", "pk": 26, "fields": {"name": "Минимальная воспроизводимая частота", "value": "100 Гц", "product": 4}}, {"model": "app_shop.properties", "pk": 27, "fields": {"name": "Максимальная воспроизводимая частота", "value": "20000 Гц", "product": 4}}, {"model": "app_shop.properties", "pk": 28, "fields": {"name": "Гарантия", "value": "12 мес.", "product": 5}}, {"model": "app_shop.properties", "pk": 29, "fields": {"name": "Страна-производитель", "value": "Китай", "product": 5}}, {"model": "app_shop.properties", "pk": 30, "fields": {"name": "Тип", "value": "колонки", "product": 5}}, {"model": "app_shop.properties", "pk": 31, "fields": {"name": "Формат системы", "value": "2.0", "product": 5}}, {"model": "app_shop.properties", "pk": 32, "fields": {"name": "Основной цвет", "value": "белый, черный", "product": 5}}, {"model": "app_shop.properties", "pk": 33, "fields": {"name": "Мощность", "value": "4 Вт", "product": 5}}, {"model": "app_shop.properties", "pk": 34, "fields": {"name": "Минимальная воспроизводимая частота", "value": "100 Гц", "product": 5}}, {"model": "app_shop.properties", "pk": 35, "fields": {"name": "Максимальная воспроизводимая частота", "value": "20000 Гц", "product": 5}}, {"model": "app_shop.properties", "pk": 36, "fields": {"name": "Соотношение сигнал/шум", "value": "85 дБ", "product": 5}}, {"model": "app_shop.properties", "pk": 37, "fields": {"name": "Разделение каналов", "value": "65 дБ", "product": 5}}, {"model": "app_shop.properties", "pk": 38, "fields": {"name": "Уровень общих искажений", "value": "1 %", "product": 5}}, {"model": "app_shop.properties", "pk": 39, "fields": {"name": "Гарантия", "value": "12 мес.", "product": 6}}, {"model": "app_shop.properties", "pk": 40, "fields": {"name": "Страна-производитель", "value": "Китай", "product": 6}}, {"model": "app_shop.properties", "pk": 41, "fields": {"name": "Тип", "value": "электросамокат", "product": 6}}, {"model": "app_shop.properties", "pk": 42, "fields": {"name": "Модель", "value": "DIGMA Mini Lite", "product": 6}}, {"model": "app_shop.properties", "pk": 43, "fields": {"name": "Основной цвет", "value": "голубой", "product": 6}}, {"model": "app_shop.properties", "pk": 44, "fields": {"name": "Максимальная мощность мотора", "value": "100 Вт", "product": 6}}, {"model": "app_shop.properties", "pk": 45, "fields": {"name": "Максимальная нагрузка", "value": "50 кг", "product": 6}}, {"model": "app_shop.properties", "pk": 46, "fields": {"name": "Максимальный угол подъема (градус)", "value": "4°", "product": 6}}, {"model": "app_shop.properties", "pk": 47, "fields": {"name": "Максимальная скорость", "value": "6 км/ч", "product": 6}}, {"model": "app_shop.properties", "pk": 48, "fields": {"name": "Максимальный запас хода", "value": "8 км", "product": 6}}, {"model": "app_shop.properties", "pk": 49, "fields": {"name": "Вид газа", "value": "ножной", "product": 6}}, {"model": "app_shop.properties", "pk": 50, "fields": {"name": "Гарантия", "value": "12 мес.", "product": 7}}, {"model": "app_shop.properties", "pk": 51, "fields": {"name": "Страна-производитель", "value": "Китай", "product": 7}}, {"model": "app_shop.properties", "pk": 52, "fields": {"name": "Тип", "value": "электросамокат", "product": 7}}, {"model": "app_shop.properties", "pk": 53, "fields": {"name": "Модель", "value": "Mekotron KICK SCOOTER JET", "product": 7}}, {"model": "app_shop.properties", "pk": 54, "fields": {"name": "Максимальная мощность мотора", "value": "250 Вт", "product": 7}}, {"model": "app_shop.properties", "pk": 55, "fields": {"name": "Максимальная нагрузка", "value": "100 кг", "product": 7}}, {"model": "app_shop.properties", "pk": 56, "fields": {"name": "Максимальный запас хода", "value": "10 км", "product": 7}}, {"model": "app_shop.properties", "pk": 57, "fields": {"name": "Вид газа", "value": "ручной", "product": 7}}, {"model": "app_shop.product", "pk": 1, "fields": {"name": "Проводная гарнитура Edifier G2II черный", "published": false, "slug": "provodnaya-garnitura-edifier-g2ii-chernyij", "short_description": "Проводные наушники Edifier G2II порадуют геймера 7.1-канальным пространственным звучанием, помогая максимально сосредоточиться на каждой детали звукового сопровождения", "description": "Проводные наушники Edifier G2II порадуют геймера 7.1-канальным пространственным звучанием, помогая максимально сосредоточиться на каждой детали звукового сопровождения. В наушниках используются мощные 50-мм динамики на основе неодимовых магнитов, выдающие четкий звук с насыщенным басом. За высокое качество передачи голоса отвечает съемный и гибкий микрофон конденсаторного типа.\r\nБлагодаря эргономичной конструкции с легким оголовьем и мягкой отделкой амбушюр наушники обеспечивают исключительный комфорт даже при длительной эксплуатации. Чашки наушников украшены логотипом и подсветкой RGB с динамическими эффектами. Подключение Edifier G2II к ПК или игровой консоли осуществляется посредством кабеля с разъемом USB.", "category": 1, "created_by": 1, "create_date": "2021-12-07T18:24:40.354Z", "old_price": null, "price": "3500.00", "limited_edition": false, "hot_offers": true, "stock_balance": 0, "free_delivery": true, "views_count": 1, "images": [1], "tags": [1, 4]}}, {"model": "app_shop.product", "pk": 2, "fields": {"name": "Радиочастотная гарнитура HyperX Cloud II Wireless черный", "published": false, "slug": "radiochastotnaya-garnitura-hyperx-cloud-ii-wireless-chernyij", "short_description": "Радиочастотная гарнитура HyperX Cloud II Wireless представляет собой яркое и стильное решение для игр, просмотра кино и прослушивания музыки.", "description": "Радиочастотная гарнитура HyperX Cloud II Wireless представляет собой яркое и стильное решение для игр, просмотра кино и прослушивания музыки. Модель обладает эргономичной конструкцией с закрытыми чашами и мягкими амбюшурами из пены, которые могут запоминать форму. Для фиксации на голове используется регулируемое оголовье с металлическим каркасом, что положительно сказывается на удобстве и надежности использования. Благодаря своим особенностям наушники подарят комфорт во время долгих игровых сессий и прослушивания музыки.\r\nРадиочастотная гарнитура HyperX Cloud II Wireless использует в своей основе динамические излучатели диаметром 53 мм, что вкупе с частотным диапазоном от 15 до 20000 Гц и чувствительностью 104 дБ обеспечит качественное звучание любимых композиций. Для подключения данная модель использует радиканал на частоте 2.4 ГГц с дальностью приема до 20 м. Благодаря встроенному аккумулятору обеспечивается продолжительность работы до 30 ч. Комплект поставки включает в себя USB-кабель для зарядки.", "category": 1, "created_by": 1, "create_date": "2021-12-07T18:29:20.789Z", "old_price": null, "price": "11500.00", "limited_edition": false, "hot_offers": false, "stock_balance": 80, "free_delivery": true, "views_count": 3, "images": [2, 3], "tags": [1, 4]}}, {"model": "app_shop.product", "pk": 3, "fields": {"name": "Проводная гарнитура Aceline AHG-325 черный", "published": false, "slug": "provodnaya-garnitura-aceline-ahg-325-chernyij", "short_description": "Наушники Aceline AHG-325 выполнены в эффектной красно-черной расцветке и обладают накладными амбушюрами. Модель принадлежит формату 2.0 и имеет регулируемое широкое оголовье.", "description": "Наушники Aceline AHG-325 выполнены в эффектной красно-черной расцветке и обладают накладными амбушюрами. Модель принадлежит формату 2.0 и имеет регулируемое широкое оголовье. Устройство создает закрытое акустическое оформление, что удобно, если вы хотите погрузиться в игровой процесс или прослушивание музыки, что называется, «с головой». Диаметр мембраны каждого из излучателей составляет 4 см, а мощность модели приравнивается к показателю 10 мВт. Чувствительность устройства составляет 100 дБ, а частотный диапазон работы приравнивается к стандартному для таких устройств показателю в 20–20000 Гц.\r\nТакже наушники могут «похвастаться» присутствием встроенного микрофона с чувствительностью -54 дБ. Для крепления Aceline AHG-325 к компьютеру, планшету или смартфону наушники имеют кабель с прямым штекером и типом соединения jack 3.5 мм. Длина кабеля составляет 2 м.", "category": 1, "created_by": 1, "create_date": "2021-12-07T18:36:06.767Z", "old_price": null, "price": "600.00", "limited_edition": true, "hot_offers": true, "stock_balance": 4, "free_delivery": true, "views_count": 3, "images": [4, 6], "tags": [1, 4]}}, {"model": "app_shop.product", "pk": 4, "fields": {"name": "Колонки 2.0 Defender SPK-33", "published": false, "slug": "kolonki-20-defender-spk-33", "short_description": "Колонки 2.0 Defender SPK-33 – миниатюрная модель, предназначенная для использования с ноутбуком. Питание осуществляется через USB, а аудиосигнал передается через выход 3.5 Jack.", "description": "Колонки 2.0 Defender SPK-33 – миниатюрная модель, предназначенная для использования с ноутбуком. Питание осуществляется через USB, а аудиосигнал передается через выход 3.5 Jack. Совместимы со смартфонами и планшетами. Обеспечивают звук достаточно хорошего качества.\r\nКонструкция Defender SPK-33 предельно простая, из органов управления предусмотрен только регулятор громкости. Это отличный вариант для офиса и дома, не занимающий много места на столе. Для использования не требуется установки драйверов: сразу после подключения колонки готовы к работе.", "category": 2, "created_by": 1, "create_date": "2021-12-07T18:40:53.570Z", "old_price": null, "price": "350.00", "limited_edition": false, "hot_offers": true, "stock_balance": 90, "free_delivery": true, "views_count": 1, "images": [7, 8, 9], "tags": [2]}}, {"model": "app_shop.product", "pk": 5, "fields": {"name": "Колонки 2.0 DEXP R110", "published": false, "slug": "kolonki-20-dexp-r110", "short_description": "Колонки DEXP R110 порадуют молодежным стилем. На фоне белого округлого корпуса и черного фона основной лицевой панели контрастно выделяются блестящие металлические круги динамиков, окруженные задорными рыжими вставками. Колонки оборудованы активным усилителем звука, питание на который подается по обычному USB-кабелю.", "description": "Колонки DEXP R110 порадуют молодежным стилем. На фоне белого округлого корпуса и черного фона основной лицевой панели контрастно выделяются блестящие металлические круги динамиков, окруженные задорными рыжими вставками. Колонки оборудованы активным усилителем звука, питание на который подается по обычному USB-кабелю. Для подключения к питанию рекомендуется воспользоваться USB-портами версии 2.0 (0.5 А), при подключении к USB-портам версии 3.0 возможны некоторые искажения звука. Допускается подключение к зарядным устройствам мобильных телефонов (при условии выходного тока не больше 0.5 А и отсоединяемого кабеля).\r\nКолонки DEXP R110 можно подключать не только к ПК или планшету но и к MP3-плееру, телевизору или телефону. Это возможно благодаря использованию стандартного 3.5 мм музыкального разъема. Общая выходная мощность колонок составляет 4 Вт, звук воспроизводится в частотных пределах от 100 до 20000 Гц.", "category": 2, "created_by": 1, "create_date": "2021-12-07T18:44:38.745Z", "old_price": null, "price": "650.00", "limited_edition": true, "hot_offers": false, "stock_balance": 12, "free_delivery": true, "views_count": 1, "images": [10, 11], "tags": [2]}}, {"model": "app_shop.product", "pk": 6, "fields": {"name": "Электросамокат DIGMA Mini Lite голубой", "published": false, "slug": "elektrosamokat-digma-mini-lite-goluboj", "short_description": "Электросамокат DIGMA Mini Lite – модель для детей до 50 кг. Для удобства и безопасности ребенка здесь продумано многое", "description": "Электросамокат DIGMA Mini Lite – модель для детей до 50 кг. Для удобства и безопасности ребенка здесь продумано многое. Максимальная скорость устройства 6 км/ч – его будет достаточно просто догнать бегом. DIGMA Mini Lite оснащен пятидюймовыми колесами с мягкими шинами и складной рамой – с ним можно войти в общественный транспорт или без труда найти ему место в багажнике семейного автомобиля. Весит модель всего 4.5 кг – ребенок сможет самостоятельно поднять его при необходимости. Телескопическая рулевая стойка позволяет регулировать высоту по мере роста владелицы.", "category": 3, "created_by": 1, "create_date": "2021-12-07T18:50:43.639Z", "old_price": null, "price": "6499.00", "limited_edition": true, "hot_offers": false, "stock_balance": 3, "free_delivery": true, "views_count": 0, "images": [13, 14, 15], "tags": [3]}}, {"model": "app_shop.product", "pk": 7, "fields": {"name": "Электросамокат Mekotron KICK SCOOTER JET черный", "published": false, "slug": "elektrosamokat-mekotron-kick-scooter-jet-chernyij", "short_description": "Мощный и достаточно легкий электросамокат Mekotron KICK SCOOTER JET обладает складным черным корпусом. Это позволяет занимать ему минимум места при хранении и транспортировке.", "description": "Мощный и достаточно легкий электросамокат Mekotron KICK SCOOTER JET обладает складным черным корпусом. Это позволяет занимать ему минимум места при хранении и транспортировке. Максимальная нагрузка на платформу может достигать показателя 100 кг. Это значит, что пользоваться этим экологичным транспортом могут и дети, и взрослые. Отдельного внимания заслуживает высокая безопасность электросамоката Mekotron KICK SCOOTER JET: он защищен от короткого замыкания, перезаряда, избыточного разряда. В корпусе модели предусмотрен бортовой компьютер с электронным дисплеем.", "category": 3, "created_by": 1, "create_date": "2021-12-07T18:54:15.365Z", "old_price": null, "price": "8899.00", "limited_edition": true, "hot_offers": false, "stock_balance": 8000, "free_delivery": true, "views_count": 0, "images": [16, 17, 18], "tags": [3]}}, {"model": "app_cart.deliverymethod", "pk": 5, "fields": {"code": "delivery_price", "display_name": "Custom", "price": "200.00", "min_sum": 0, "max_sum": 900}}, {"model": "app_cart.deliverymethod", "pk": 6, "fields": {"code": "delivery_express_price", "display_name": "Express", "price": "500.00", "min_sum": 0, "max_sum": null}}, {"model": "app_cart.deliverymethod", "pk": 7, "fields": {"code": "free_price", "display_name": "Free", "price": "0.00", "min_sum": 900, "max_sum": null}}, {"model": "app_cart.paymentmethod", "pk": 1, "fields": {"code": "online", "display_name": "Online cart"}}, {"model": "app_cart.paymentmethod", "pk": 2, "fields": {"code": "random_account", "display_name": "Online from a random account"}}, {"model": "app_cart.orderrecord", "pk": 1, "fields": {"product_name": "Проводная гарнитура Aceline AHG-325 черный", "count": 2, "price": "600.00", "order": 1, "product": 3}}, {"model": "app_cart.orderrecord", "pk": 2, "fields": {"product_name": "Проводная гарнитура Edifier G2II черный", "count": 1, "price": "3500.00", "order": 1, "product": 1}}, {"model": "app_cart.orderrecord", "pk": 3, "fields": {"product_name": "Колонки 2.0 Defender SPK-33", "count": 3, "price": "350.00", "order": 2, "product": 4}}, {"model": "app_cart.orderrecord", "pk": 4, "fields": {"product_name": "Проводная гарнитура Edifier G2II черный", "count": 1, "price": "3500.00", "order": 2, "product": 1}}, {"model": "app_cart.orderrecord", "pk": 5, "fields": {"product_name": "Колонки 2.0 DEXP R110", "count": 1, "price": "650.00", "order": 3, "product": 5}}, {"model": "app_cart.orderrecord", "pk": 6, "fields": {"product_name": "Проводная гарнитура Aceline AHG-325 черный", "count": 1, "price": "600.00", "order": 4, "product": 3}}, {"model": "app_cart.orderrecord", "pk": 7, "fields": {"product_name": "Проводная гарнитура Aceline AHG-325 черный", "count": 1, "price": "600.00", "order": 5, "product": 3}}, {"model": "app_cart.orderrecord", "pk": 8, "fields": {"product_name": "Проводная гарнитура Aceline AHG-325 черный", "count": 1, "price": "600.00", "order": 6, "product": 3}}, {"model": "app_cart.orderrecord", "pk": 9, "fields": {"product_name": "Колонки 2.0 DEXP R110", "count": 1, "price": "650.00", "order": 7, "product": 5}}, {"model": "app_cart.orders", "pk": 1, "fields": {"uid": "d1ed568d-b813-491f-960b-bd0f0c37c561", "city": "Москва", "address": "Нет Адреса", "phone": "89513392541", "receiver_name": "Админов Админ", "user": 1, "create_date": "2021-12-14T19:25:49.653Z", "delivery_method": 7, "payment_method": 2, "status": "draft"}}, {"model": "app_cart.orders", "pk": 2, "fields": {"uid": "4713a880-ae99-4e15-ad0a-0dc96f1d0ea8", "city": "курсу", "address": "курск", "phone": "89513392541", "receiver_name": "Админов Админ", "user": 1, "create_date": "2022-03-02T19:36:06.192Z", "delivery_method": 7, "payment_method": 1, "status": "draft"}}, {"model": "app_cart.orders", "pk": 3, "fields": {"uid": "bf304b25-ec4d-4d1c-bd92-dfbc7c0ef5ef", "city": "курск", "address": "курск", "phone": "89513392541", "receiver_name": "Админов Админ", "user": 1, "create_date": "2022-03-21T19:24:14.562Z", "delivery_method": 7, "payment_method": 1, "status": "draft"}}, {"model": "app_cart.orders", "pk": 4, "fields": {"uid": "2a530613-5663-4961-b103-609689488b2b", "city": "курск", "address": "курск", "phone": "89513392541", "receiver_name": "Админов Админ", "user": 1, "create_date": "2022-03-21T19:52:03.597Z", "delivery_method": 5, "payment_method": 1, "status": "draft"}}, {"model": "app_cart.orders", "pk": 5, "fields": {"uid": "b803bf59-8913-4f1a-8b00-67d636170067", "city": "курск", "address": "курск", "phone": "89513392541", "receiver_name": "Админов Админ", "user": 1, "create_date": "2022-03-21T19:52:58.047Z", "delivery_method": 5, "payment_method": 1, "status": "draft"}}, {"model": "app_cart.orders", "pk": 6, "fields": {"uid": "49c88570-400a-4812-99df-519ec6a628f5", "city": "курск", "address": "курск", "phone": "89513392541", "receiver_name": "Админов Админ", "user": 1, "create_date": "2022-03-21T19:53:14.214Z", "delivery_method": 5, "payment_method": 2, "status": "draft"}}, {"model": "app_cart.orders", "pk": 7, "fields": {"uid": "eb21e0ae-4dd2-4745-a2bf-4acc8c1164ee", "city": "курск", "address": "курск", "phone": "89513392541", "receiver_name": "Админов Админ", "user": 1, "create_date": "2022-03-21T20:11:00.162Z", "delivery_method": 5, "payment_method": 2, "status": "draft"}}, {"model": "app_users.profile", "pk": 2, "fields": {"user": 1, "avatar": "", "phone": "89513392541", "is_active": true}}]