[{"model": "admin.logentry", "pk": 1, "fields": {"action_time": "2021-12-07T18:22:12.750Z", "user": 1, "content_type": 8, "object_id": "1", "object_repr": "Image object (1)", "action_flag": 1, "change_message": "[{\"added\": {}}]"}}, {"model": "admin.logentry", "pk": 2, "fields": {"action_time": "2021-12-07T18:22:55.358Z", "user": 1, "content_type": 7, "object_id": "1", "object_repr": "Наушники и гарнитуры", "action_flag": 1, "change_message": "[{\"added\": {}}]"}}, {"model": "admin.logentry", "pk": 3, "fields": {"action_time": "2021-12-07T18:24:06.865Z", "user": 1, "content_type": 10, "object_id": "1", "object_repr": "Наушники", "action_flag": 1, "change_message": "[{\"added\": {}}]"}}, {"model": "admin.logentry", "pk": 4, "fields": {"action_time": "2021-12-07T18:24:42.212Z", "user": 1, "content_type": 9, "object_id": "1", "object_repr": "Проводная гарнитура Edifier G2II черный", "action_flag": 1, "change_message": "[{\"added\": {}}, {\"added\": {\"name\": \"property\", \"object\": \"Properties object (1)\"}}, {\"added\": {\"name\": \"property\", \"object\": \"Properties object (2)\"}}, {\"added\": {\"name\": \"property\", \"object\": \"Properties object (3)\"}}, {\"added\": {\"name\": \"property\", \"object\": \"Properties object (4)\"}}, {\"added\": {\"name\": \"property\", \"object\": \"Properties object (5)\"}}]"}}, {"model": "admin.logentry", "pk": 5, "fields": {"action_time": "2021-12-07T18:26:12.387Z", "user": 1, "content_type": 8, "object_id": "2", "object_repr": "Image object (2)", "action_flag": 1, "change_message": "[{\"added\": {}}]"}}, {"model": "admin.logentry", "pk": 6, "fields": {"action_time": "2021-12-07T18:26:26.370Z", "user": 1, "content_type": 8, "object_id": "3", "object_repr": "Image object (3)", "action_flag": 1, "change_message": "[{\"added\": {}}]"}}, {"model": "admin.logentry", "pk": 7, "fields": {"action_time": "2021-12-07T18:29:22.826Z", "user": 1, "content_type": 9, "object_id": "2", "object_repr": "Радиочастотная гарнитура HyperX Cloud II Wireless черный", "action_flag": 1, "change_message": "[{\"added\": {}}, {\"added\": {\"name\": \"property\", \"object\": \"Properties object (6)\"}}, {\"added\": {\"name\": \"property\", \"object\": \"Properties object (7)\"}}, {\"added\": {\"name\": \"property\", \"object\": \"Properties object (8)\"}}, {\"added\": {\"name\": \"property\", \"object\": \"Properties object (9)\"}}, {\"added\": {\"name\": \"property\", \"object\": \"Properties object (10)\"}}, {\"added\": {\"name\": \"property\", \"object\": \"Properties object (11)\"}}]"}}, {"model": "admin.logentry", "pk": 8, "fields": {"action_time": "2021-12-07T18:31:33.491Z", "user": 1, "content_type": 7, "object_id": "1", "object_repr": "Наушники и гарнитуры", "action_flag": 2, "change_message": "[{\"changed\": {\"fields\": [\"Icon\"]}}]"}}, {"model": "admin.logentry", "pk": 9, "fields": {"action_time": "2021-12-07T18:34:02.412Z", "user": 1, "content_type": 8, "object_id": "4", "object_repr": "Image object (4)", "action_flag": 1, "change_message": "[{\"added\": {}}]"}}, {"model": "admin.logentry", "pk": 10, "fields": {"action_time": "2021-12-07T18:34:16.904Z", "user": 1, "content_type": 8, "object_id": "5", "object_repr": "Image object (5)", "action_flag": 1, "change_message": "[{\"added\": {}}]"}}, {"model": "admin.logentry", "pk": 11, "fields": {"action_time": "2021-12-07T18:34:18.949Z", "user": 1, "content_type": 8, "object_id": "6", "object_repr": "Image object (6)", "action_flag": 1, "change_message": "[{\"added\": {}}]"}}, {"model": "admin.logentry", "pk": 12, "fields": {"action_time": "2021-12-07T18:36:09.192Z", "user": 1, "content_type": 9, "object_id": "3", "object_repr": "Проводная гарнитура Aceline AHG-325 черный", "action_flag": 1, "change_message": "[{\"added\": {}}, {\"added\": {\"name\": \"property\", \"object\": \"Properties object (12)\"}}, {\"added\": {\"name\": \"property\", \"object\": \"Properties object (13)\"}}, {\"added\": {\"name\": \"property\", \"object\": \"Properties object (14)\"}}, {\"added\": {\"name\": \"property\", \"object\": \"Properties object (15)\"}}, {\"added\": {\"name\": \"property\", \"object\": \"Properties object (16)\"}}, {\"added\": {\"name\": \"property\", \"object\": \"Properties object (17)\"}}, {\"added\": {\"name\": \"property\", \"object\": \"Properties object (18)\"}}, {\"added\": {\"name\": \"property\", \"object\": \"Properties object (19)\"}}]"}}, {"model": "admin.logentry", "pk": 13, "fields": {"action_time": "2021-12-07T18:37:23.385Z", "user": 1, "content_type": 8, "object_id": "7", "object_repr": "Image object (7)", "action_flag": 1, "change_message": "[{\"added\": {}}]"}}, {"model": "admin.logentry", "pk": 14, "fields": {"action_time": "2021-12-07T18:37:34.482Z", "user": 1, "content_type": 8, "object_id": "8", "object_repr": "Image object (8)", "action_flag": 1, "change_message": "[{\"added\": {}}]"}}, {"model": "admin.logentry", "pk": 15, "fields": {"action_time": "2021-12-07T18:37:46.783Z", "user": 1, "content_type": 8, "object_id": "9", "object_repr": "Image object (9)", "action_flag": 1, "change_message": "[{\"added\": {}}]"}}, {"model": "admin.logentry", "pk": 16, "fields": {"action_time": "2021-12-07T18:38:26.872Z", "user": 1, "content_type": 10, "object_id": "2", "object_repr": "Колонки", "action_flag": 1, "change_message": "[{\"added\": {}}]"}}, {"model": "admin.logentry", "pk": 17, "fields": {"action_time": "2021-12-07T18:39:21.838Z", "user": 1, "content_type": 7, "object_id": "2", "object_repr": "Колонки", "action_flag": 1, "change_message": "[{\"added\": {}}]"}}, {"model": "admin.logentry", "pk": 18, "fields": {"action_time": "2021-12-07T18:40:56.040Z", "user": 1, "content_type": 9, "object_id": "4", "object_repr": "Колонки 2.0 Defender SPK-33", "action_flag": 1, "change_message": "[{\"added\": {}}, {\"added\": {\"name\": \"property\", \"object\": \"Properties object (20)\"}}, {\"added\": {\"name\": \"property\", \"object\": \"Properties object (21)\"}}, {\"added\": {\"name\": \"property\", \"object\": \"Properties object (22)\"}}, {\"added\": {\"name\": \"property\", \"object\": \"Properties object (23)\"}}, {\"added\": {\"name\": \"property\", \"object\": \"Properties object (24)\"}}, {\"added\": {\"name\": \"property\", \"object\": \"Properties object (25)\"}}, {\"added\": {\"name\": \"property\", \"object\": \"Properties object (26)\"}}, {\"added\": {\"name\": \"property\", \"object\": \"Properties object (27)\"}}]"}}, {"model": "admin.logentry", "pk": 19, "fields": {"action_time": "2021-12-07T18:42:37.216Z", "user": 1, "content_type": 8, "object_id": "10", "object_repr": "Image object (10)", "action_flag": 1, "change_message": "[{\"added\": {}}]"}}, {"model": "admin.logentry", "pk": 20, "fields": {"action_time": "2021-12-07T18:42:48.234Z", "user": 1, "content_type": 8, "object_id": "11", "object_repr": "Image object (11)", "action_flag": 1, "change_message": "[{\"added\": {}}]"}}, {"model": "admin.logentry", "pk": 21, "fields": {"action_time": "2021-12-07T18:44:41.829Z", "user": 1, "content_type": 9, "object_id": "5", "object_repr": "Колонки 2.0 DEXP R110", "action_flag": 1, "change_message": "[{\"added\": {}}, {\"added\": {\"name\": \"property\", \"object\": \"Properties object (28)\"}}, {\"added\": {\"name\": \"property\", \"object\": \"Properties object (29)\"}}, {\"added\": {\"name\": \"property\", \"object\": \"Properties object (30)\"}}, {\"added\": {\"name\": \"property\", \"object\": \"Properties object (31)\"}}, {\"added\": {\"name\": \"property\", \"object\": \"Properties object (32)\"}}, {\"added\": {\"name\": \"property\", \"object\": \"Properties object (33)\"}}, {\"added\": {\"name\": \"property\", \"object\": \"Properties object (34)\"}}, {\"added\": {\"name\": \"property\", \"object\": \"Properties object (35)\"}}, {\"added\": {\"name\": \"property\", \"object\": \"Properties object (36)\"}}, {\"added\": {\"name\": \"property\", \"object\": \"Properties object (37)\"}}, {\"added\": {\"name\": \"property\", \"object\": \"Properties object (38)\"}}]"}}, {"model": "admin.logentry", "pk": 22, "fields": {"action_time": "2021-12-07T18:46:43.550Z", "user": 1, "content_type": 8, "object_id": "12", "object_repr": "Image object (12)", "action_flag": 1, "change_message": "[{\"added\": {}}]"}}, {"model": "admin.logentry", "pk": 23, "fields": {"action_time": "2021-12-07T18:46:45.117Z", "user": 1, "content_type": 8, "object_id": "13", "object_repr": "Image object (13)", "action_flag": 1, "change_message": "[{\"added\": {}}]"}}, {"model": "admin.logentry", "pk": 24, "fields": {"action_time": "2021-12-07T18:46:56.143Z", "user": 1, "content_type": 8, "object_id": "14", "object_repr": "Image object (14)", "action_flag": 1, "change_message": "[{\"added\": {}}]"}}, {"model": "admin.logentry", "pk": 25, "fields": {"action_time": "2021-12-07T18:47:07.637Z", "user": 1, "content_type": 8, "object_id": "15", "object_repr": "Image object (15)", "action_flag": 1, "change_message": "[{\"added\": {}}]"}}, {"model": "admin.logentry", "pk": 26, "fields": {"action_time": "2021-12-07T18:48:26.813Z", "user": 1, "content_type": 10, "object_id": "3", "object_repr": "Самокаты", "action_flag": 1, "change_message": "[{\"added\": {}}]"}}, {"model": "admin.logentry", "pk": 27, "fields": {"action_time": "2021-12-07T18:48:44.577Z", "user": 1, "content_type": 7, "object_id": "3", "object_repr": "Отдых и развлечения", "action_flag": 1, "change_message": "[{\"added\": {}}]"}}, {"model": "admin.logentry", "pk": 28, "fields": {"action_time": "2021-12-07T18:50:46.629Z", "user": 1, "content_type": 9, "object_id": "6", "object_repr": "Электросамокат DIGMA Mini Lite голубой", "action_flag": 1, "change_message": "[{\"added\": {}}, {\"added\": {\"name\": \"property\", \"object\": \"Properties object (39)\"}}, {\"added\": {\"name\": \"property\", \"object\": \"Properties object (40)\"}}, {\"added\": {\"name\": \"property\", \"object\": \"Properties object (41)\"}}, {\"added\": {\"name\": \"property\", \"object\": \"Properties object (42)\"}}, {\"added\": {\"name\": \"property\", \"object\": \"Properties object (43)\"}}, {\"added\": {\"name\": \"property\", \"object\": \"Properties object (44)\"}}, {\"added\": {\"name\": \"property\", \"object\": \"Properties object (45)\"}}, {\"added\": {\"name\": \"property\", \"object\": \"Properties object (46)\"}}, {\"added\": {\"name\": \"property\", \"object\": \"Properties object (47)\"}}, {\"added\": {\"name\": \"property\", \"object\": \"Properties object (48)\"}}, {\"added\": {\"name\": \"property\", \"object\": \"Properties object (49)\"}}]"}}, {"model": "admin.logentry", "pk": 29, "fields": {"action_time": "2021-12-07T18:52:13.413Z", "user": 1, "content_type": 8, "object_id": "16", "object_repr": "Image object (16)", "action_flag": 1, "change_message": "[{\"added\": {}}]"}}, {"model": "admin.logentry", "pk": 30, "fields": {"action_time": "2021-12-07T18:52:24.540Z", "user": 1, "content_type": 8, "object_id": "17", "object_repr": "Image object (17)", "action_flag": 1, "change_message": "[{\"added\": {}}]"}}, {"model": "admin.logentry", "pk": 31, "fields": {"action_time": "2021-12-07T18:52:35.525Z", "user": 1, "content_type": 8, "object_id": "18", "object_repr": "Image object (18)", "action_flag": 1, "change_message": "[{\"added\": {}}]"}}, {"model": "admin.logentry", "pk": 32, "fields": {"action_time": "2021-12-07T18:54:17.671Z", "user": 1, "content_type": 9, "object_id": "7", "object_repr": "Электросамокат Mekotron KICK SCOOTER JET черный", "action_flag": 1, "change_message": "[{\"added\": {}}, {\"added\": {\"name\": \"property\", \"object\": \"Properties object (50)\"}}, {\"added\": {\"name\": \"property\", \"object\": \"Properties object (51)\"}}, {\"added\": {\"name\": \"property\", \"object\": \"Properties object (52)\"}}, {\"added\": {\"name\": \"property\", \"object\": \"Properties object (53)\"}}, {\"added\": {\"name\": \"property\", \"object\": \"Properties object (54)\"}}, {\"added\": {\"name\": \"property\", \"object\": \"Properties object (55)\"}}, {\"added\": {\"name\": \"property\", \"object\": \"Properties object (56)\"}}, {\"added\": {\"name\": \"property\", \"object\": \"Properties object (57)\"}}]"}}, {"model": "admin.logentry", "pk": 33, "fields": {"action_time": "2021-12-16T17:50:18.668Z", "user": 1, "content_type": 10, "object_id": "4", "object_repr": "Игровые наушники", "action_flag": 1, "change_message": "[{\"added\": {}}]"}}, {"model": "admin.logentry", "pk": 34, "fields": {"action_time": "2021-12-16T17:51:03.311Z", "user": 1, "content_type": 9, "object_id": "2", "object_repr": "Радиочастотная гарнитура HyperX Cloud II Wireless черный", "action_flag": 2, "change_message": "[{\"changed\": {\"fields\": [\"Tags\"]}}]"}}, {"model": "admin.logentry", "pk": 35, "fields": {"action_time": "2021-12-16T17:51:08.432Z", "user": 1, "content_type": 9, "object_id": "1", "object_repr": "Проводная гарнитура Edifier G2II черный", "action_flag": 2, "change_message": "[{\"changed\": {\"fields\": [\"Tags\"]}}]"}}, {"model": "admin.logentry", "pk": 36, "fields": {"action_time": "2021-12-16T17:51:18.285Z", "user": 1, "content_type": 9, "object_id": "3", "object_repr": "Проводная гарнитура Aceline AHG-325 черный", "action_flag": 2, "change_message": "[{\"changed\": {\"fields\": [\"Tags\"]}}]"}}, {"model": "admin.logentry", "pk": 37, "fields": {"action_time": "2021-12-22T20:09:54.355Z", "user": 1, "content_type": 13, "object_id": "1", "object_repr": "Custom", "action_flag": 3, "change_message": ""}}, {"model": "admin.logentry", "pk": 38, "fields": {"action_time": "2021-12-22T20:09:54.397Z", "user": 1, "content_type": 13, "object_id": "2", "object_repr": "Express", "action_flag": 3, "change_message": ""}}, {"model": "admin.logentry", "pk": 39, "fields": {"action_time": "2021-12-22T20:09:54.421Z", "user": 1, "content_type": 13, "object_id": "3", "object_repr": "Free", "action_flag": 3, "change_message": ""}}, {"model": "admin.logentry", "pk": 40, "fields": {"action_time": "2021-12-22T20:11:12.121Z", "user": 1, "content_type": 13, "object_id": "7", "object_repr": "Free", "action_flag": 2, "change_message": "[{\"changed\": {\"fields\": [\"Min sum\", \"Max sum\"]}}]"}}, {"model": "admin.logentry", "pk": 41, "fields": {"action_time": "2021-12-22T20:27:08.399Z", "user": 1, "content_type": 13, "object_id": "5", "object_repr": "Custom", "action_flag": 2, "change_message": "[{\"changed\": {\"fields\": [\"Min sum\"]}}]"}}, {"model": "admin.logentry", "pk": 42, "fields": {"action_time": "2021-12-22T20:27:13.698Z", "user": 1, "content_type": 13, "object_id": "6", "object_repr": "Express", "action_flag": 2, "change_message": "[{\"changed\": {\"fields\": [\"Min sum\"]}}]"}}, {"model": "admin.logentry", "pk": 43, "fields": {"action_time": "2021-12-22T20:27:18.970Z", "user": 1, "content_type": 13, "object_id": "7", "object_repr": "Free", "action_flag": 2, "change_message": "[{\"changed\": {\"fields\": [\"Max sum\"]}}]"}}, {"model": "admin.logentry", "pk": 44, "fields": {"action_time": "2021-12-22T20:27:28.576Z", "user": 1, "content_type": 13, "object_id": "5", "object_repr": "Custom", "action_flag": 2, "change_message": "[{\"changed\": {\"fields\": [\"Max sum\"]}}]"}}, {"model": "admin.logentry", "pk": 45, "fields": {"action_time": "2022-02-14T18:47:25.287Z", "user": 1, "content_type": 7, "object_id": "4", "object_repr": "Камеры", "action_flag": 1, "change_message": "[{\"added\": {}}]"}}, {"model": "admin.logentry", "pk": 46, "fields": {"action_time": "2022-02-14T18:49:49.883Z", "user": 1, "content_type": 7, "object_id": "5", "object_repr": "Освещение", "action_flag": 1, "change_message": "[{\"added\": {}}]"}}, {"model": "admin.logentry", "pk": 47, "fields": {"action_time": "2022-02-14T18:50:52.574Z", "user": 1, "content_type": 7, "object_id": "6", "object_repr": "Проводные", "action_flag": 1, "change_message": "[{\"added\": {}}]"}}, {"model": "admin.logentry", "pk": 48, "fields": {"action_time": "2022-02-14T18:51:46.179Z", "user": 1, "content_type": 7, "object_id": "7", "object_repr": "Безпроводные", "action_flag": 1, "change_message": "[{\"added\": {}}]"}}, {"model": "admin.logentry", "pk": 49, "fields": {"action_time": "2022-02-28T17:37:33.062Z", "user": 1, "content_type": 18, "object_id": "1", "object_repr": "Music Playing Featured Technologies For Children", "action_flag": 1, "change_message": "[{\"added\": {}}]"}}, {"model": "admin.logentry", "pk": 50, "fields": {"action_time": "2022-02-28T17:40:00.211Z", "user": 1, "content_type": 18, "object_id": "2", "object_repr": "Music Playing", "action_flag": 1, "change_message": "[{\"added\": {}}]"}}, {"model": "admin.logentry", "pk": 51, "fields": {"action_time": "2022-02-28T17:40:31.987Z", "user": 1, "content_type": 18, "object_id": "3", "object_repr": "Advanced Virtual Reality Tools Developers & Gamers", "action_flag": 1, "change_message": "[{\"added\": {}}]"}}, {"model": "admin.logentry", "pk": 52, "fields": {"action_time": "2022-02-28T17:40:38.814Z", "user": 1, "content_type": 18, "object_id": "2", "object_repr": "Music Playing", "action_flag": 2, "change_message": "[{\"changed\": {\"fields\": [\"Is_active\"]}}]"}}, {"model": "admin.logentry", "pk": 53, "fields": {"action_time": "2022-02-28T17:40:43.124Z", "user": 1, "content_type": 18, "object_id": "3", "object_repr": "Advanced Virtual Reality Tools Developers & Gamers", "action_flag": 2, "change_message": "[{\"changed\": {\"fields\": [\"Is_active\"]}}]"}}, {"model": "admin.logentry", "pk": 54, "fields": {"action_time": "2022-02-28T18:35:49.266Z", "user": 1, "content_type": 18, "object_id": "4", "object_repr": "Basic Time Management Advanced Course", "action_flag": 1, "change_message": "[{\"added\": {}}]"}}, {"model": "admin.logentry", "pk": 55, "fields": {"action_time": "2022-02-28T18:36:39.183Z", "user": 1, "content_type": 18, "object_id": "5", "object_repr": "Advanced Virtual Reality Tools Developers & Gamers+", "action_flag": 1, "change_message": "[{\"added\": {}}]"}}, {"model": "admin.logentry", "pk": 56, "fields": {"action_time": "2022-02-28T18:36:50.731Z", "user": 1, "content_type": 18, "object_id": "4", "object_repr": "Basic Time Management Advanced Course", "action_flag": 2, "change_message": "[{\"changed\": {\"fields\": [\"Is_active\"]}}]"}}, {"model": "admin.logentry", "pk": 57, "fields": {"action_time": "2022-02-28T18:36:55.634Z", "user": 1, "content_type": 18, "object_id": "5", "object_repr": "Advanced Virtual Reality Tools Developers & Gamers+", "action_flag": 2, "change_message": "[{\"changed\": {\"fields\": [\"Is_active\"]}}]"}}, {"model": "admin.logentry", "pk": 58, "fields": {"action_time": "2022-02-28T18:37:26.161Z", "user": 1, "content_type": 18, "object_id": "6", "object_repr": "Basic Time Management Course", "action_flag": 1, "change_message": "[{\"added\": {}}]"}}, {"model": "admin.logentry", "pk": 59, "fields": {"action_time": "2022-02-28T18:37:57.040Z", "user": 1, "content_type": 18, "object_id": "7", "object_repr": "Basic Ti", "action_flag": 1, "change_message": "[{\"added\": {}}]"}}, {"model": "admin.logentry", "pk": 60, "fields": {"action_time": "2022-02-28T18:38:10.790Z", "user": 1, "content_type": 18, "object_id": "8", "object_repr": "Advanced Virtual Reality Tools Developers", "action_flag": 1, "change_message": "[{\"added\": {}}]"}}, {"model": "admin.logentry", "pk": 61, "fields": {"action_time": "2022-02-28T18:38:26.023Z", "user": 1, "content_type": 18, "object_id": "9", "object_repr": "Basic Time", "action_flag": 1, "change_message": "[{\"added\": {}}]"}}, {"model": "admin.logentry", "pk": 62, "fields": {"action_time": "2022-02-28T18:38:49.031Z", "user": 1, "content_type": 18, "object_id": "10", "object_repr": "Basic Time Management+", "action_flag": 1, "change_message": "[{\"added\": {}}]"}}, {"model": "admin.logentry", "pk": 63, "fields": {"action_time": "2022-02-28T18:38:59.134Z", "user": 1, "content_type": 18, "object_id": "11", "object_repr": "Music", "action_flag": 1, "change_message": "[{\"added\": {}}]"}}, {"model": "admin.logentry", "pk": 64, "fields": {"action_time": "2022-02-28T18:39:14.736Z", "user": 1, "content_type": 18, "object_id": "12", "object_repr": "Advanced Virtual Reality", "action_flag": 1, "change_message": "[{\"added\": {}}]"}}, {"model": "admin.logentry", "pk": 65, "fields": {"action_time": "2022-02-28T18:39:48.724Z", "user": 1, "content_type": 18, "object_id": "13", "object_repr": "Basic Time Managemenтe", "action_flag": 1, "change_message": "[{\"added\": {}}]"}}, {"model": "admin.logentry", "pk": 66, "fields": {"action_time": "2023-04-17T18:22:05.190Z", "user": 1, "content_type": 7, "object_id": "5", "object_repr": "Освещение", "action_flag": 2, "change_message": "[{\"changed\": {\"fields\": [\"Icon\"]}}]"}}, {"model": "admin.logentry", "pk": 67, "fields": {"action_time": "2023-04-17T18:22:33.427Z", "user": 1, "content_type": 7, "object_id": "6", "object_repr": "Проводные", "action_flag": 2, "change_message": "[{\"changed\": {\"fields\": [\"Icon\"]}}]"}}, {"model": "admin.logentry", "pk": 68, "fields": {"action_time": "2023-04-17T18:22:55.051Z", "user": 1, "content_type": 7, "object_id": "7", "object_repr": "Безпроводные", "action_flag": 2, "change_message": "[{\"changed\": {\"fields\": [\"Icon\"]}}]"}}, {"model": "admin.logentry", "pk": 69, "fields": {"action_time": "2023-04-17T18:24:39.074Z", "user": 1, "content_type": 18, "object_id": "5", "object_repr": "Advanced Virtual Reality Tools Developers & Gamers+", "action_flag": 2, "change_message": "[{\"changed\": {\"fields\": [\"Image\"]}}]"}}, {"model": "admin.logentry", "pk": 70, "fields": {"action_time": "2023-04-17T18:24:58.202Z", "user": 1, "content_type": 18, "object_id": "4", "object_repr": "Basic Time Management Advanced Course", "action_flag": 2, "change_message": "[{\"changed\": {\"fields\": [\"Image\"]}}]"}}, {"model": "admin.logentry", "pk": 71, "fields": {"action_time": "2023-04-17T18:25:10.378Z", "user": 1, "content_type": 18, "object_id": "3", "object_repr": "Advanced Virtual Reality Tools Developers & Gamers", "action_flag": 2, "change_message": "[{\"changed\": {\"fields\": [\"Image\"]}}]"}}, {"model": "admin.logentry", "pk": 72, "fields": {"action_time": "2023-04-17T18:25:23.046Z", "user": 1, "content_type": 18, "object_id": "1", "object_repr": "Music Playing Featured Technologies For Children", "action_flag": 2, "change_message": "[{\"changed\": {\"fields\": [\"Image\"]}}]"}}, {"model": "admin.logentry", "pk": 73, "fields": {"action_time": "2023-04-17T18:25:54.468Z", "user": 1, "content_type": 18, "object_id": "2", "object_repr": "Music Playing", "action_flag": 2, "change_message": "[{\"changed\": {\"fields\": [\"Image\"]}}]"}}, {"model": "admin.logentry", "pk": 74, "fields": {"action_time": "2023-04-17T18:32:17.618Z", "user": 1, "content_type": 13, "object_id": "1", "object_repr": "Custom", "action_flag": 3, "change_message": ""}}, {"model": "admin.logentry", "pk": 75, "fields": {"action_time": "2023-04-17T18:32:17.647Z", "user": 1, "content_type": 13, "object_id": "2", "object_repr": "Express", "action_flag": 3, "change_message": ""}}, {"model": "admin.logentry", "pk": 76, "fields": {"action_time": "2023-04-17T18:32:17.673Z", "user": 1, "content_type": 13, "object_id": "3", "object_repr": "Free", "action_flag": 3, "change_message": ""}}, {"model": "admin.logentry", "pk": 77, "fields": {"action_time": "2023-04-17T18:47:26.683Z", "user": 1, "content_type": 13, "object_id": "8", "object_repr": "free", "action_flag": 1, "change_message": "[{\"added\": {}}]"}}, {"model": "admin.logentry", "pk": 78, "fields": {"action_time": "2023-04-17T18:47:41.893Z", "user": 1, "content_type": 13, "object_id": "8", "object_repr": "free", "action_flag": 3, "change_message": ""}}, {"model": "admin.logentry", "pk": 79, "fields": {"action_time": "2023-04-19T12:56:59.627Z", "user": 1, "content_type": 18, "object_id": "14", "object_repr": "Новинка! Беспроводной пылесос Viomi Cyber Pro", "action_flag": 1, "change_message": "[{\"added\": {}}]"}}, {"model": "admin.logentry", "pk": 80, "fields": {"action_time": "2023-04-19T12:57:50.279Z", "user": 1, "content_type": 18, "object_id": "14", "object_repr": "Новинка! Беспроводной пылесос Viomi Cyber Pro", "action_flag": 2, "change_message": "[{\"changed\": {\"fields\": [\"Image\"]}}]"}}, {"model": "admin.logentry", "pk": 81, "fields": {"action_time": "2023-04-19T12:59:22.954Z", "user": 1, "content_type": 18, "object_id": "14", "object_repr": "Новинка! Беспроводной пылесос Viomi Cyber Pro", "action_flag": 2, "change_message": "[{\"changed\": {\"fields\": [\"Image\"]}}]"}}, {"model": "admin.logentry", "pk": 82, "fields": {"action_time": "2023-04-19T13:00:07.071Z", "user": 1, "content_type": 18, "object_id": "15", "object_repr": "Компания DNS представляет новинку – электросамокат Aceline FX.", "action_flag": 1, "change_message": "[{\"added\": {}}]"}}, {"model": "admin.logentry", "pk": 83, "fields": {"action_time": "2023-04-19T13:00:17.859Z", "user": 1, "content_type": 18, "object_id": "15", "object_repr": "Компания DNS представляет новинку – электросамокат Aceline FX.", "action_flag": 2, "change_message": "[{\"changed\": {\"fields\": [\"Is_active\"]}}]"}}, {"model": "admin.logentry", "pk": 84, "fields": {"action_time": "2023-04-19T13:03:42.535Z", "user": 1, "content_type": 18, "object_id": "15", "object_repr": "Компания DNS представляет новинку – электросамокат Aceline FX.", "action_flag": 2, "change_message": "[{\"changed\": {\"fields\": [\"Image\"]}}]"}}, {"model": "admin.logentry", "pk": 85, "fields": {"action_time": "2023-04-19T13:06:37.810Z", "user": 1, "content_type": 18, "object_id": "14", "object_repr": "Новинка! Беспроводной пылесос Viomi Cyber Pro", "action_flag": 2, "change_message": "[{\"changed\": {\"fields\": [\"Image\"]}}]"}}, {"model": "admin.logentry", "pk": 86, "fields": {"action_time": "2023-04-19T13:07:27.750Z", "user": 1, "content_type": 18, "object_id": "14", "object_repr": "Новинка! Беспроводной пылесос Viomi Cyber Pro", "action_flag": 2, "change_message": "[{\"changed\": {\"fields\": [\"Image\"]}}]"}}, {"model": "admin.logentry", "pk": 87, "fields": {"action_time": "2023-04-19T13:07:37.876Z", "user": 1, "content_type": 18, "object_id": "14", "object_repr": "Новинка! Беспроводной пылесос Viomi Cyber Pro", "action_flag": 2, "change_message": "[{\"changed\": {\"fields\": [\"Image\"]}}]"}}, {"model": "admin.logentry", "pk": 88, "fields": {"action_time": "2023-04-19T13:12:00.237Z", "user": 1, "content_type": 18, "object_id": "16", "object_repr": "Эксклюзив! Игровые мыши LAMZU Atlantis Mini", "action_flag": 1, "change_message": "[{\"added\": {}}]"}}, {"model": "admin.logentry", "pk": 89, "fields": {"action_time": "2023-04-19T13:12:12.027Z", "user": 1, "content_type": 18, "object_id": "16", "object_repr": "Эксклюзив! Игровые мыши LAMZU Atlantis Mini", "action_flag": 2, "change_message": "[{\"changed\": {\"fields\": [\"Is_active\"]}}]"}}, {"model": "admin.logentry", "pk": 90, "fields": {"action_time": "2023-04-19T13:16:45.683Z", "user": 1, "content_type": 18, "object_id": "16", "object_repr": "Эксклюзив! Игровые мыши LAMZU Atlantis Mini", "action_flag": 2, "change_message": "[{\"changed\": {\"fields\": [\"Image\"]}}]"}}, {"model": "admin.logentry", "pk": 91, "fields": {"action_time": "2023-04-19T13:17:34.796Z", "user": 1, "content_type": 18, "object_id": "9", "object_repr": "Basic Time", "action_flag": 2, "change_message": "[{\"changed\": {\"fields\": [\"Is_active\"]}}]"}}, {"model": "admin.logentry", "pk": 92, "fields": {"action_time": "2023-04-19T13:22:35.473Z", "user": 1, "content_type": 18, "object_id": "9", "object_repr": "Новинка! Проводная клавиатура KEYRON Virgo", "action_flag": 2, "change_message": "[{\"changed\": {\"fields\": [\"Title\", \"Slug\", \"Text\", \"Image\"]}}]"}}, {"model": "admin.logentry", "pk": 93, "fields": {"action_time": "2023-04-20T15:08:56.222Z", "user": 1, "content_type": 15, "object_id": "18", "object_repr": "Orders object (18)", "action_flag": 3, "change_message": ""}}, {"model": "admin.logentry", "pk": 94, "fields": {"action_time": "2023-04-20T15:09:02.691Z", "user": 1, "content_type": 15, "object_id": "17", "object_repr": "Orders object (17)", "action_flag": 3, "change_message": ""}}, {"model": "admin.logentry", "pk": 95, "fields": {"action_time": "2023-04-21T12:02:40.258Z", "user": 1, "content_type": 4, "object_id": "1", "object_repr": "admin", "action_flag": 2, "change_message": "[{\"changed\": {\"fields\": [\"Username\"]}}]"}}, {"model": "admin.logentry", "pk": 96, "fields": {"action_time": "2023-04-21T12:03:18.465Z", "user": 1, "content_type": 4, "object_id": "2", "object_repr": "ivan", "action_flag": 2, "change_message": "[{\"changed\": {\"fields\": [\"Username\", \"Email address\"]}}]"}}, {"model": "admin.logentry", "pk": 97, "fields": {"action_time": "2023-04-23T14:20:26.169Z", "user": 1, "content_type": 9, "object_id": "6", "object_repr": "Электросамокат DIGMA Mini Lite голубой", "action_flag": 2, "change_message": "[{\"changed\": {\"fields\": [\"Published\"]}}]"}}, {"model": "admin.logentry", "pk": 98, "fields": {"action_time": "2023-04-23T14:21:18.678Z", "user": 1, "content_type": 9, "object_id": "7", "object_repr": "Электросамокат Mekotron KICK SCOOTER JET черный", "action_flag": 2, "change_message": "[{\"changed\": {\"fields\": [\"Published\"]}}]"}}, {"model": "admin.logentry", "pk": 99, "fields": {"action_time": "2023-04-23T14:21:30.776Z", "user": 1, "content_type": 9, "object_id": "5", "object_repr": "Колонки 2.0 DEXP R110", "action_flag": 2, "change_message": "[{\"changed\": {\"fields\": [\"Published\"]}}]"}}, {"model": "admin.logentry", "pk": 100, "fields": {"action_time": "2023-04-23T14:21:34.287Z", "user": 1, "content_type": 9, "object_id": "4", "object_repr": "Колонки 2.0 Defender SPK-33", "action_flag": 2, "change_message": "[{\"changed\": {\"fields\": [\"Published\"]}}]"}}, {"model": "admin.logentry", "pk": 101, "fields": {"action_time": "2023-04-23T14:21:39.648Z", "user": 1, "content_type": 9, "object_id": "3", "object_repr": "Проводная гарнитура Aceline AHG-325 черный", "action_flag": 2, "change_message": "[{\"changed\": {\"fields\": [\"Published\"]}}]"}}, {"model": "admin.logentry", "pk": 102, "fields": {"action_time": "2023-04-23T14:21:43.765Z", "user": 1, "content_type": 9, "object_id": "2", "object_repr": "Радиочастотная гарнитура HyperX Cloud II Wireless черный", "action_flag": 2, "change_message": "[{\"changed\": {\"fields\": [\"Published\"]}}]"}}, {"model": "admin.logentry", "pk": 103, "fields": {"action_time": "2023-04-23T14:21:48.026Z", "user": 1, "content_type": 9, "object_id": "1", "object_repr": "Проводная гарнитура Edifier G2II черный", "action_flag": 2, "change_message": "[{\"changed\": {\"fields\": [\"Published\"]}}]"}}, {"model": "admin.logentry", "pk": 104, "fields": {"action_time": "2023-04-27T15:19:25.629Z", "user": 1, "content_type": 18, "object_id": "16", "object_repr": "Эксклюзив! Игровые мыши LAMZU Atlantis Mini", "action_flag": 2, "change_message": "[{\"changed\": {\"fields\": [\"Image\"]}}]"}}, {"model": "admin.logentry", "pk": 105, "fields": {"action_time": "2023-04-27T15:19:41.560Z", "user": 1, "content_type": 18, "object_id": "15", "object_repr": "Компания DNS представляет новинку – электросамокат Aceline FX.", "action_flag": 2, "change_message": "[{\"changed\": {\"fields\": [\"Image\"]}}]"}}, {"model": "admin.logentry", "pk": 106, "fields": {"action_time": "2023-04-27T16:45:52.793Z", "user": 1, "content_type": 8, "object_id": "19", "object_repr": "Image object (19)", "action_flag": 1, "change_message": "[{\"added\": {}}]"}}, {"model": "admin.logentry", "pk": 107, "fields": {"action_time": "2023-04-27T16:46:03.595Z", "user": 1, "content_type": 8, "object_id": "20", "object_repr": "Image object (20)", "action_flag": 1, "change_message": "[{\"added\": {}}]"}}, {"model": "admin.logentry", "pk": 108, "fields": {"action_time": "2023-04-27T16:47:18.883Z", "user": 1, "content_type": 10, "object_id": "5", "object_repr": "Развелечения", "action_flag": 1, "change_message": "[{\"added\": {}}]"}}, {"model": "admin.logentry", "pk": 109, "fields": {"action_time": "2023-04-27T16:47:29.972Z", "user": 1, "content_type": 10, "object_id": "6", "object_repr": "Развелечения", "action_flag": 1, "change_message": "[{\"added\": {}}]"}}, {"model": "admin.logentry", "pk": 110, "fields": {"action_time": "2023-04-27T16:49:13.218Z", "user": 1, "content_type": 18, "object_id": "17", "object_repr": "Зеркальный фотоаппарат Canon EOS 4000D Kit 18-55mm III черный", "action_flag": 1, "change_message": "[{\"added\": {}}]"}}, {"model": "admin.logentry", "pk": 111, "fields": {"action_time": "2023-04-27T16:49:19.042Z", "user": 1, "content_type": 18, "object_id": "17", "object_repr": "Зеркальный фотоаппарат Canon EOS 4000D Kit 18-55mm III черный", "action_flag": 2, "change_message": "[{\"changed\": {\"fields\": [\"Is_active\"]}}]"}}, {"model": "admin.logentry", "pk": 112, "fields": {"action_time": "2023-04-27T16:50:06.936Z", "user": 1, "content_type": 9, "object_id": "8", "object_repr": "Зеркальный фотоаппарат Canon EOS 4000D", "action_flag": 1, "change_message": "[{\"added\": {}}]"}}, {"model": "admin.logentry", "pk": 113, "fields": {"action_time": "2023-04-27T16:50:17.101Z", "user": 1, "content_type": 10, "object_id": "6", "object_repr": "Развелечения", "action_flag": 3, "change_message": ""}}, {"model": "admin.logentry", "pk": 114, "fields": {"action_time": "2023-04-27T16:55:48.771Z", "user": 1, "content_type": 8, "object_id": "21", "object_repr": "Image object (21)", "action_flag": 1, "change_message": "[{\"added\": {}}]"}}, {"model": "admin.logentry", "pk": 115, "fields": {"action_time": "2023-04-27T16:56:41.951Z", "user": 1, "content_type": 9, "object_id": "8", "object_repr": "Зеркальный фотоаппарат Canon EOS 4000D", "action_flag": 2, "change_message": "[{\"changed\": {\"fields\": [\"Published\", \"Images\"]}}, {\"added\": {\"name\": \"property\", \"object\": \"Properties object (58)\"}}, {\"added\": {\"name\": \"property\", \"object\": \"Properties object (59)\"}}, {\"added\": {\"name\": \"property\", \"object\": \"Properties object (60)\"}}, {\"added\": {\"name\": \"property\", \"object\": \"Properties object (61)\"}}, {\"added\": {\"name\": \"property\", \"object\": \"Properties object (62)\"}}, {\"added\": {\"name\": \"property\", \"object\": \"Properties object (63)\"}}]"}}, {"model": "admin.logentry", "pk": 116, "fields": {"action_time": "2023-04-27T16:57:48.760Z", "user": 1, "content_type": 8, "object_id": "22", "object_repr": "Image object (22)", "action_flag": 1, "change_message": "[{\"added\": {}}]"}}, {"model": "admin.logentry", "pk": 117, "fields": {"action_time": "2023-04-27T16:57:53.735Z", "user": 1, "content_type": 9, "object_id": "8", "object_repr": "Зеркальный фотоаппарат Canon EOS 4000D", "action_flag": 2, "change_message": "[{\"changed\": {\"fields\": [\"Images\"]}}]"}}, {"model": "admin.logentry", "pk": 118, "fields": {"action_time": "2023-04-27T16:58:29.946Z", "user": 1, "content_type": 8, "object_id": "23", "object_repr": "Image object (23)", "action_flag": 1, "change_message": "[{\"added\": {}}]"}}, {"model": "admin.logentry", "pk": 119, "fields": {"action_time": "2023-04-27T16:59:29.461Z", "user": 1, "content_type": 8, "object_id": "24", "object_repr": "Image object (24)", "action_flag": 1, "change_message": "[{\"added\": {}}]"}}, {"model": "admin.logentry", "pk": 120, "fields": {"action_time": "2023-04-27T16:59:51.354Z", "user": 1, "content_type": 8, "object_id": "25", "object_repr": "Image object (25)", "action_flag": 1, "change_message": "[{\"added\": {}}]"}}, {"model": "admin.logentry", "pk": 121, "fields": {"action_time": "2023-04-27T16:59:55.528Z", "user": 1, "content_type": 9, "object_id": "8", "object_repr": "Зеркальный фотоаппарат Canon EOS 4000D", "action_flag": 2, "change_message": "[{\"changed\": {\"fields\": [\"Images\"]}}]"}}, {"model": "admin.logentry", "pk": 122, "fields": {"action_time": "2023-04-27T17:01:32.279Z", "user": 1, "content_type": 8, "object_id": "26", "object_repr": "Image object (26)", "action_flag": 1, "change_message": "[{\"added\": {}}]"}}, {"model": "admin.logentry", "pk": 123, "fields": {"action_time": "2023-04-27T17:01:39.933Z", "user": 1, "content_type": 8, "object_id": "27", "object_repr": "Image object (27)", "action_flag": 1, "change_message": "[{\"added\": {}}]"}}, {"model": "admin.logentry", "pk": 124, "fields": {"action_time": "2023-04-27T17:01:46.573Z", "user": 1, "content_type": 8, "object_id": "28", "object_repr": "Image object (28)", "action_flag": 1, "change_message": "[{\"added\": {}}]"}}, {"model": "admin.logentry", "pk": 125, "fields": {"action_time": "2023-04-27T17:02:59.425Z", "user": 1, "content_type": 9, "object_id": "9", "object_repr": "Зеркальный фотоаппарат Canon EOS 2000D Kit 18-55mm", "action_flag": 1, "change_message": "[{\"added\": {}}, {\"added\": {\"name\": \"property\", \"object\": \"Properties object (64)\"}}, {\"added\": {\"name\": \"property\", \"object\": \"Properties object (65)\"}}, {\"added\": {\"name\": \"property\", \"object\": \"Properties object (66)\"}}, {\"added\": {\"name\": \"property\", \"object\": \"Properties object (67)\"}}, {\"added\": {\"name\": \"property\", \"object\": \"Properties object (68)\"}}]"}}, {"model": "admin.logentry", "pk": 126, "fields": {"action_time": "2023-04-27T17:03:11.809Z", "user": 1, "content_type": 9, "object_id": "9", "object_repr": "Зеркальный фотоаппарат Canon EOS 2000D Kit 18-55mm", "action_flag": 2, "change_message": "[{\"changed\": {\"fields\": [\"Published\"]}}]"}}, {"model": "admin.logentry", "pk": 127, "fields": {"action_time": "2023-04-27T17:05:35.408Z", "user": 1, "content_type": 8, "object_id": "29", "object_repr": "Image object (29)", "action_flag": 1, "change_message": "[{\"added\": {}}]"}}, {"model": "admin.logentry", "pk": 128, "fields": {"action_time": "2023-04-27T17:05:41.723Z", "user": 1, "content_type": 8, "object_id": "30", "object_repr": "Image object (30)", "action_flag": 1, "change_message": "[{\"added\": {}}]"}}, {"model": "admin.logentry", "pk": 129, "fields": {"action_time": "2023-04-27T17:07:15.225Z", "user": 1, "content_type": 9, "object_id": "10", "object_repr": "Настольный светильник Xiaomi Mi Smart LED Desk Lamp 1S белый", "action_flag": 1, "change_message": "[{\"added\": {}}, {\"added\": {\"name\": \"property\", \"object\": \"Properties object (69)\"}}, {\"added\": {\"name\": \"property\", \"object\": \"Properties object (70)\"}}, {\"added\": {\"name\": \"property\", \"object\": \"Properties object (71)\"}}, {\"added\": {\"name\": \"property\", \"object\": \"Properties object (72)\"}}, {\"added\": {\"name\": \"property\", \"object\": \"Properties object (73)\"}}, {\"added\": {\"name\": \"property\", \"object\": \"Properties object (74)\"}}]"}}, {"model": "admin.logentry", "pk": 130, "fields": {"action_time": "2023-04-27T17:07:58.142Z", "user": 1, "content_type": 8, "object_id": "31", "object_repr": "Image object (31)", "action_flag": 1, "change_message": "[{\"added\": {}}]"}}, {"model": "admin.logentry", "pk": 131, "fields": {"action_time": "2023-04-27T17:08:03.951Z", "user": 1, "content_type": 8, "object_id": "32", "object_repr": "Image object (32)", "action_flag": 1, "change_message": "[{\"added\": {}}]"}}, {"model": "admin.logentry", "pk": 132, "fields": {"action_time": "2023-04-27T17:09:50.070Z", "user": 1, "content_type": 9, "object_id": "11", "object_repr": "Настольный светильник FinePower A-003 белый", "action_flag": 1, "change_message": "[{\"added\": {}}, {\"added\": {\"name\": \"property\", \"object\": \"Properties object (75)\"}}, {\"added\": {\"name\": \"property\", \"object\": \"Properties object (76)\"}}, {\"added\": {\"name\": \"property\", \"object\": \"Properties object (77)\"}}, {\"added\": {\"name\": \"property\", \"object\": \"Properties object (78)\"}}, {\"added\": {\"name\": \"property\", \"object\": \"Properties object (79)\"}}, {\"added\": {\"name\": \"property\", \"object\": \"Properties object (80)\"}}, {\"added\": {\"name\": \"property\", \"object\": \"Properties object (81)\"}}, {\"added\": {\"name\": \"property\", \"object\": \"Properties object (82)\"}}, {\"added\": {\"name\": \"property\", \"object\": \"Properties object (83)\"}}]"}}, {"model": "admin.logentry", "pk": 133, "fields": {"action_time": "2023-04-27T17:10:36.436Z", "user": 1, "content_type": 8, "object_id": "33", "object_repr": "Image object (33)", "action_flag": 1, "change_message": "[{\"added\": {}}]"}}, {"model": "admin.logentry", "pk": 134, "fields": {"action_time": "2023-04-27T17:10:42.078Z", "user": 1, "content_type": 8, "object_id": "34", "object_repr": "Image object (34)", "action_flag": 1, "change_message": "[{\"added\": {}}]"}}, {"model": "admin.logentry", "pk": 135, "fields": {"action_time": "2023-04-27T17:12:03.089Z", "user": 1, "content_type": 9, "object_id": "12", "object_repr": "Настольный светильник FinePower A-003 черный", "action_flag": 1, "change_message": "[{\"added\": {}}, {\"added\": {\"name\": \"property\", \"object\": \"Properties object (84)\"}}, {\"added\": {\"name\": \"property\", \"object\": \"Properties object (85)\"}}, {\"added\": {\"name\": \"property\", \"object\": \"Properties object (86)\"}}, {\"added\": {\"name\": \"property\", \"object\": \"Properties object (87)\"}}, {\"added\": {\"name\": \"property\", \"object\": \"Properties object (88)\"}}]"}}, {"model": "admin.logentry", "pk": 166, "fields": {"action_time": "2023-04-28T14:42:21.105Z", "user": 1, "content_type": 9, "object_id": "3", "object_repr": "Проводная гарнитура Aceline AHG-325 черный", "action_flag": 2, "change_message": "[{\"changed\": {\"fields\": [\"Category\", \"Tags\"]}}]"}}, {"model": "admin.logentry", "pk": 167, "fields": {"action_time": "2023-04-28T14:42:31.845Z", "user": 1, "content_type": 9, "object_id": "2", "object_repr": "Радиочастотная гарнитура HyperX Cloud II Wireless черный", "action_flag": 2, "change_message": "[{\"changed\": {\"fields\": [\"Category\", \"Tags\"]}}]"}}, {"model": "admin.logentry", "pk": 168, "fields": {"action_time": "2023-04-28T14:42:40.949Z", "user": 1, "content_type": 9, "object_id": "1", "object_repr": "Проводная гарнитура Edifier G2II черный", "action_flag": 2, "change_message": "[{\"changed\": {\"fields\": [\"Category\", \"Tags\"]}}]"}}, {"model": "admin.logentry", "pk": 169, "fields": {"action_time": "2023-04-28T14:48:57.522Z", "user": 1, "content_type": 7, "object_id": "5", "object_repr": "Освещение", "action_flag": 2, "change_message": "[]"}}, {"model": "admin.logentry", "pk": 170, "fields": {"action_time": "2023-04-28T15:50:37.017Z", "user": 1, "content_type": 8, "object_id": "66", "object_repr": "Image object (66)", "action_flag": 1, "change_message": "[{\"added\": {}}]"}}, {"model": "admin.logentry", "pk": 171, "fields": {"action_time": "2023-04-28T15:50:44.109Z", "user": 1, "content_type": 8, "object_id": "67", "object_repr": "Image object (67)", "action_flag": 1, "change_message": "[{\"added\": {}}]"}}, {"model": "admin.logentry", "pk": 172, "fields": {"action_time": "2023-04-28T15:50:49.992Z", "user": 1, "content_type": 8, "object_id": "68", "object_repr": "Image object (68)", "action_flag": 1, "change_message": "[{\"added\": {}}]"}}, {"model": "admin.logentry", "pk": 173, "fields": {"action_time": "2023-04-28T15:50:56.157Z", "user": 1, "content_type": 8, "object_id": "69", "object_repr": "Image object (69)", "action_flag": 1, "change_message": "[{\"added\": {}}]"}}, {"model": "admin.logentry", "pk": 174, "fields": {"action_time": "2023-04-28T15:53:10.478Z", "user": 1, "content_type": 9, "object_id": "45", "object_repr": "Наушники TWS Aceline Basic Lite розовый", "action_flag": 1, "change_message": "[{\"added\": {}}, {\"added\": {\"name\": \"property\", \"object\": \"Properties object (117)\"}}, {\"added\": {\"name\": \"property\", \"object\": \"Properties object (118)\"}}, {\"added\": {\"name\": \"property\", \"object\": \"Properties object (119)\"}}, {\"added\": {\"name\": \"property\", \"object\": \"Properties object (120)\"}}, {\"added\": {\"name\": \"property\", \"object\": \"Properties object (121)\"}}, {\"added\": {\"name\": \"property\", \"object\": \"Properties object (122)\"}}, {\"added\": {\"name\": \"property\", \"object\": \"Properties object (123)\"}}, {\"added\": {\"name\": \"property\", \"object\": \"Properties object (124)\"}}, {\"added\": {\"name\": \"property\", \"object\": \"Properties object (125)\"}}, {\"added\": {\"name\": \"property\", \"object\": \"Properties object (126)\"}}]"}}, {"model": "admin.logentry", "pk": 175, "fields": {"action_time": "2023-04-28T15:54:42.590Z", "user": 1, "content_type": 8, "object_id": "70", "object_repr": "Image object (70)", "action_flag": 1, "change_message": "[{\"added\": {}}]"}}, {"model": "admin.logentry", "pk": 176, "fields": {"action_time": "2023-04-28T15:54:48.651Z", "user": 1, "content_type": 8, "object_id": "71", "object_repr": "Image object (71)", "action_flag": 1, "change_message": "[{\"added\": {}}]"}}, {"model": "admin.logentry", "pk": 177, "fields": {"action_time": "2023-04-28T15:54:57.898Z", "user": 1, "content_type": 8, "object_id": "72", "object_repr": "Image object (72)", "action_flag": 1, "change_message": "[{\"added\": {}}]"}}, {"model": "admin.logentry", "pk": 178, "fields": {"action_time": "2023-04-28T15:55:03.615Z", "user": 1, "content_type": 8, "object_id": "73", "object_repr": "Image object (73)", "action_flag": 1, "change_message": "[{\"added\": {}}]"}}, {"model": "admin.logentry", "pk": 179, "fields": {"action_time": "2023-04-28T15:57:26.726Z", "user": 1, "content_type": 9, "object_id": "46", "object_repr": "Наушники TWS F+ Cloud черный", "action_flag": 1, "change_message": "[{\"added\": {}}, {\"added\": {\"name\": \"property\", \"object\": \"Properties object (127)\"}}, {\"added\": {\"name\": \"property\", \"object\": \"Properties object (128)\"}}, {\"added\": {\"name\": \"property\", \"object\": \"Properties object (129)\"}}, {\"added\": {\"name\": \"property\", \"object\": \"Properties object (130)\"}}, {\"added\": {\"name\": \"property\", \"object\": \"Properties object (131)\"}}, {\"added\": {\"name\": \"property\", \"object\": \"Properties object (132)\"}}, {\"added\": {\"name\": \"property\", \"object\": \"Properties object (133)\"}}, {\"added\": {\"name\": \"property\", \"object\": \"Properties object (134)\"}}, {\"added\": {\"name\": \"property\", \"object\": \"Properties object (135)\"}}, {\"added\": {\"name\": \"property\", \"object\": \"Properties object (136)\"}}, {\"added\": {\"name\": \"property\", \"object\": \"Properties object (137)\"}}, {\"added\": {\"name\": \"property\", \"object\": \"Properties object (138)\"}}]"}}, {"model": "admin.logentry", "pk": 180, "fields": {"action_time": "2023-04-28T15:58:54.610Z", "user": 1, "content_type": 10, "object_id": "1", "object_repr": "Наушники", "action_flag": 3, "change_message": ""}}, {"model": "admin.logentry", "pk": 181, "fields": {"action_time": "2023-04-28T15:59:16.120Z", "user": 1, "content_type": 10, "object_id": "5", "object_repr": "Развелечения", "action_flag": 3, "change_message": ""}}, {"model": "admin.logentry", "pk": 182, "fields": {"action_time": "2023-04-28T16:11:38.942Z", "user": 1, "content_type": 10, "object_id": "7", "object_repr": "Настольное освещение", "action_flag": 1, "change_message": "[{\"added\": {}}]"}}, {"model": "admin.logentry", "pk": 183, "fields": {"action_time": "2023-04-28T16:12:08.329Z", "user": 1, "content_type": 9, "object_id": "11", "object_repr": "Настольный светильник FinePower A-003 белый", "action_flag": 2, "change_message": "[{\"changed\": {\"fields\": [\"Tags\"]}}]"}}, {"model": "admin.logentry", "pk": 184, "fields": {"action_time": "2023-04-28T16:12:15.244Z", "user": 1, "content_type": 9, "object_id": "12", "object_repr": "Настольный светильник FinePower A-003 черный", "action_flag": 2, "change_message": "[{\"changed\": {\"fields\": [\"Tags\"]}}]"}}, {"model": "admin.logentry", "pk": 185, "fields": {"action_time": "2023-04-28T16:13:30.166Z", "user": 1, "content_type": 10, "object_id": "8", "object_repr": "Беззеркальная камера", "action_flag": 1, "change_message": "[{\"added\": {}}]"}}, {"model": "admin.logentry", "pk": 186, "fields": {"action_time": "2023-04-28T16:14:19.321Z", "user": 1, "content_type": 10, "object_id": "9", "object_repr": "Bluetooth наушники", "action_flag": 1, "change_message": "[{\"added\": {}}]"}}, {"model": "admin.logentry", "pk": 187, "fields": {"action_time": "2023-04-28T16:14:31.030Z", "user": 1, "content_type": 9, "object_id": "46", "object_repr": "Наушники TWS F+ Cloud черный", "action_flag": 2, "change_message": "[{\"changed\": {\"fields\": [\"Tags\"]}}]"}}, {"model": "admin.logentry", "pk": 188, "fields": {"action_time": "2023-04-28T16:14:41.267Z", "user": 1, "content_type": 9, "object_id": "45", "object_repr": "Наушники TWS Aceline Basic Lite розовый", "action_flag": 2, "change_message": "[{\"changed\": {\"fields\": [\"Tags\"]}}]"}}, {"model": "admin.logentry", "pk": 189, "fields": {"action_time": "2023-04-28T16:14:51.934Z", "user": 1, "content_type": 9, "object_id": "10", "object_repr": "Настольный светильник Xiaomi Mi Smart LED Desk Lamp 1S белый", "action_flag": 2, "change_message": "[{\"changed\": {\"fields\": [\"Tags\"]}}]"}}, {"model": "admin.logentry", "pk": 190, "fields": {"action_time": "2023-04-28T16:15:16.593Z", "user": 1, "content_type": 10, "object_id": "10", "object_repr": "Зеркальная камера", "action_flag": 1, "change_message": "[{\"added\": {}}]"}}, {"model": "admin.logentry", "pk": 191, "fields": {"action_time": "2023-04-28T16:15:19.558Z", "user": 1, "content_type": 9, "object_id": "9", "object_repr": "Зеркальный фотоаппарат Canon EOS 2000D Kit 18-55mm", "action_flag": 2, "change_message": "[{\"changed\": {\"fields\": [\"Tags\"]}}]"}}, {"model": "admin.logentry", "pk": 192, "fields": {"action_time": "2023-04-28T16:15:28.931Z", "user": 1, "content_type": 9, "object_id": "8", "object_repr": "Зеркальный фотоаппарат Canon EOS 4000D", "action_flag": 2, "change_message": "[{\"changed\": {\"fields\": [\"Tags\"]}}]"}}, {"model": "admin.logentry", "pk": 193, "fields": {"action_time": "2023-04-28T16:16:54.736Z", "user": 1, "content_type": 8, "object_id": "74", "object_repr": "Image object (74)", "action_flag": 1, "change_message": "[{\"added\": {}}]"}}, {"model": "admin.logentry", "pk": 194, "fields": {"action_time": "2023-04-28T16:17:00.571Z", "user": 1, "content_type": 8, "object_id": "75", "object_repr": "Image object (75)", "action_flag": 1, "change_message": "[{\"added\": {}}]"}}, {"model": "admin.logentry", "pk": 195, "fields": {"action_time": "2023-04-28T16:17:06.507Z", "user": 1, "content_type": 8, "object_id": "76", "object_repr": "Image object (76)", "action_flag": 1, "change_message": "[{\"added\": {}}]"}}, {"model": "admin.logentry", "pk": 196, "fields": {"action_time": "2023-04-28T16:17:12.493Z", "user": 1, "content_type": 8, "object_id": "77", "object_repr": "Image object (77)", "action_flag": 1, "change_message": "[{\"added\": {}}]"}}, {"model": "admin.logentry", "pk": 197, "fields": {"action_time": "2023-04-28T16:19:14.060Z", "user": 1, "content_type": 9, "object_id": "47", "object_repr": "Беззеркальная камера Canon EOS M50 Mark II Kit 15-45mm IS STM черная", "action_flag": 1, "change_message": "[{\"added\": {}}, {\"added\": {\"name\": \"property\", \"object\": \"Properties object (139)\"}}, {\"added\": {\"name\": \"property\", \"object\": \"Properties object (140)\"}}, {\"added\": {\"name\": \"property\", \"object\": \"Properties object (141)\"}}, {\"added\": {\"name\": \"property\", \"object\": \"Properties object (142)\"}}, {\"added\": {\"name\": \"property\", \"object\": \"Properties object (143)\"}}, {\"added\": {\"name\": \"property\", \"object\": \"Properties object (144)\"}}, {\"added\": {\"name\": \"property\", \"object\": \"Properties object (145)\"}}, {\"added\": {\"name\": \"property\", \"object\": \"Properties object (146)\"}}, {\"added\": {\"name\": \"property\", \"object\": \"Properties object (147)\"}}, {\"added\": {\"name\": \"property\", \"object\": \"Properties object (148)\"}}]"}}, {"model": "auth.permission", "pk": 1, "fields": {"name": "Can add log entry", "content_type": 1, "codename": "add_logentry"}}, {"model": "auth.permission", "pk": 2, "fields": {"name": "Can change log entry", "content_type": 1, "codename": "change_logentry"}}, {"model": "auth.permission", "pk": 3, "fields": {"name": "Can delete log entry", "content_type": 1, "codename": "delete_logentry"}}, {"model": "auth.permission", "pk": 4, "fields": {"name": "Can view log entry", "content_type": 1, "codename": "view_logentry"}}, {"model": "auth.permission", "pk": 5, "fields": {"name": "Can add permission", "content_type": 2, "codename": "add_permission"}}, {"model": "auth.permission", "pk": 6, "fields": {"name": "Can change permission", "content_type": 2, "codename": "change_permission"}}, {"model": "auth.permission", "pk": 7, "fields": {"name": "Can delete permission", "content_type": 2, "codename": "delete_permission"}}, {"model": "auth.permission", "pk": 8, "fields": {"name": "Can view permission", "content_type": 2, "codename": "view_permission"}}, {"model": "auth.permission", "pk": 9, "fields": {"name": "Can add group", "content_type": 3, "codename": "add_group"}}, {"model": "auth.permission", "pk": 10, "fields": {"name": "Can change group", "content_type": 3, "codename": "change_group"}}, {"model": "auth.permission", "pk": 11, "fields": {"name": "Can delete group", "content_type": 3, "codename": "delete_group"}}, {"model": "auth.permission", "pk": 12, "fields": {"name": "Can view group", "content_type": 3, "codename": "view_group"}}, {"model": "auth.permission", "pk": 13, "fields": {"name": "Can add user", "content_type": 4, "codename": "add_user"}}, {"model": "auth.permission", "pk": 14, "fields": {"name": "Can change user", "content_type": 4, "codename": "change_user"}}, {"model": "auth.permission", "pk": 15, "fields": {"name": "Can delete user", "content_type": 4, "codename": "delete_user"}}, {"model": "auth.permission", "pk": 16, "fields": {"name": "Can view user", "content_type": 4, "codename": "view_user"}}, {"model": "auth.permission", "pk": 17, "fields": {"name": "Can add content type", "content_type": 5, "codename": "add_contenttype"}}, {"model": "auth.permission", "pk": 18, "fields": {"name": "Can change content type", "content_type": 5, "codename": "change_contenttype"}}, {"model": "auth.permission", "pk": 19, "fields": {"name": "Can delete content type", "content_type": 5, "codename": "delete_contenttype"}}, {"model": "auth.permission", "pk": 20, "fields": {"name": "Can view content type", "content_type": 5, "codename": "view_contenttype"}}, {"model": "auth.permission", "pk": 21, "fields": {"name": "Can add session", "content_type": 6, "codename": "add_session"}}, {"model": "auth.permission", "pk": 22, "fields": {"name": "Can change session", "content_type": 6, "codename": "change_session"}}, {"model": "auth.permission", "pk": 23, "fields": {"name": "Can delete session", "content_type": 6, "codename": "delete_session"}}, {"model": "auth.permission", "pk": 24, "fields": {"name": "Can view session", "content_type": 6, "codename": "view_session"}}, {"model": "auth.permission", "pk": 25, "fields": {"name": "Can add category", "content_type": 7, "codename": "add_category"}}, {"model": "auth.permission", "pk": 26, "fields": {"name": "Can change category", "content_type": 7, "codename": "change_category"}}, {"model": "auth.permission", "pk": 27, "fields": {"name": "Can delete category", "content_type": 7, "codename": "delete_category"}}, {"model": "auth.permission", "pk": 28, "fields": {"name": "Can view category", "content_type": 7, "codename": "view_category"}}, {"model": "auth.permission", "pk": 29, "fields": {"name": "Can add image", "content_type": 8, "codename": "add_image"}}, {"model": "auth.permission", "pk": 30, "fields": {"name": "Can change image", "content_type": 8, "codename": "change_image"}}, {"model": "auth.permission", "pk": 31, "fields": {"name": "Can delete image", "content_type": 8, "codename": "delete_image"}}, {"model": "auth.permission", "pk": 32, "fields": {"name": "Can view image", "content_type": 8, "codename": "view_image"}}, {"model": "auth.permission", "pk": 33, "fields": {"name": "Can add product", "content_type": 9, "codename": "add_product"}}, {"model": "auth.permission", "pk": 34, "fields": {"name": "Can change product", "content_type": 9, "codename": "change_product"}}, {"model": "auth.permission", "pk": 35, "fields": {"name": "Can delete product", "content_type": 9, "codename": "delete_product"}}, {"model": "auth.permission", "pk": 36, "fields": {"name": "Can view product", "content_type": 9, "codename": "view_product"}}, {"model": "auth.permission", "pk": 37, "fields": {"name": "Can add tag", "content_type": 10, "codename": "add_tags"}}, {"model": "auth.permission", "pk": 38, "fields": {"name": "Can change tag", "content_type": 10, "codename": "change_tags"}}, {"model": "auth.permission", "pk": 39, "fields": {"name": "Can delete tag", "content_type": 10, "codename": "delete_tags"}}, {"model": "auth.permission", "pk": 40, "fields": {"name": "Can view tag", "content_type": 10, "codename": "view_tags"}}, {"model": "auth.permission", "pk": 41, "fields": {"name": "Can add comment", "content_type": 11, "codename": "add_comment"}}, {"model": "auth.permission", "pk": 42, "fields": {"name": "Can change comment", "content_type": 11, "codename": "change_comment"}}, {"model": "auth.permission", "pk": 43, "fields": {"name": "Can delete comment", "content_type": 11, "codename": "delete_comment"}}, {"model": "auth.permission", "pk": 44, "fields": {"name": "Can view comment", "content_type": 11, "codename": "view_comment"}}, {"model": "auth.permission", "pk": 45, "fields": {"name": "Can add property", "content_type": 12, "codename": "add_properties"}}, {"model": "auth.permission", "pk": 46, "fields": {"name": "Can change property", "content_type": 12, "codename": "change_properties"}}, {"model": "auth.permission", "pk": 47, "fields": {"name": "Can delete property", "content_type": 12, "codename": "delete_properties"}}, {"model": "auth.permission", "pk": 48, "fields": {"name": "Can view property", "content_type": 12, "codename": "view_properties"}}, {"model": "auth.permission", "pk": 49, "fields": {"name": "Can add delivery method", "content_type": 13, "codename": "add_deliverymethod"}}, {"model": "auth.permission", "pk": 50, "fields": {"name": "Can change delivery method", "content_type": 13, "codename": "change_deliverymethod"}}, {"model": "auth.permission", "pk": 51, "fields": {"name": "Can delete delivery method", "content_type": 13, "codename": "delete_deliverymethod"}}, {"model": "auth.permission", "pk": 52, "fields": {"name": "Can view delivery method", "content_type": 13, "codename": "view_deliverymethod"}}, {"model": "auth.permission", "pk": 53, "fields": {"name": "Can add payment method", "content_type": 14, "codename": "add_paymentmethod"}}, {"model": "auth.permission", "pk": 54, "fields": {"name": "Can change payment method", "content_type": 14, "codename": "change_paymentmethod"}}, {"model": "auth.permission", "pk": 55, "fields": {"name": "Can delete payment method", "content_type": 14, "codename": "delete_paymentmethod"}}, {"model": "auth.permission", "pk": 56, "fields": {"name": "Can view payment method", "content_type": 14, "codename": "view_paymentmethod"}}, {"model": "auth.permission", "pk": 57, "fields": {"name": "Can add order", "content_type": 15, "codename": "add_orders"}}, {"model": "auth.permission", "pk": 58, "fields": {"name": "Can change order", "content_type": 15, "codename": "change_orders"}}, {"model": "auth.permission", "pk": 59, "fields": {"name": "Can delete order", "content_type": 15, "codename": "delete_orders"}}, {"model": "auth.permission", "pk": 60, "fields": {"name": "Can view order", "content_type": 15, "codename": "view_orders"}}, {"model": "auth.permission", "pk": 61, "fields": {"name": "Can add order record", "content_type": 16, "codename": "add_orderrecord"}}, {"model": "auth.permission", "pk": 62, "fields": {"name": "Can change order record", "content_type": 16, "codename": "change_orderrecord"}}, {"model": "auth.permission", "pk": 63, "fields": {"name": "Can delete order record", "content_type": 16, "codename": "delete_orderrecord"}}, {"model": "auth.permission", "pk": 64, "fields": {"name": "Can view order record", "content_type": 16, "codename": "view_orderrecord"}}, {"model": "auth.permission", "pk": 65, "fields": {"name": "Can add profile", "content_type": 17, "codename": "add_profile"}}, {"model": "auth.permission", "pk": 66, "fields": {"name": "Can change profile", "content_type": 17, "codename": "change_profile"}}, {"model": "auth.permission", "pk": 67, "fields": {"name": "Can delete profile", "content_type": 17, "codename": "delete_profile"}}, {"model": "auth.permission", "pk": 68, "fields": {"name": "Can view profile", "content_type": 17, "codename": "view_profile"}}, {"model": "auth.permission", "pk": 69, "fields": {"name": "Can add blog", "content_type": 18, "codename": "add_blognews"}}, {"model": "auth.permission", "pk": 70, "fields": {"name": "Can change blog", "content_type": 18, "codename": "change_blognews"}}, {"model": "auth.permission", "pk": 71, "fields": {"name": "Can delete blog", "content_type": 18, "codename": "delete_blognews"}}, {"model": "auth.permission", "pk": 72, "fields": {"name": "Can view blog", "content_type": 18, "codename": "view_blognews"}}, {"model": "auth.user", "pk": 1, "fields": {"password": "pbkdf2_sha256$260000$XJstZ5RhDUuQj0vTYSCXvb$SQP2x4dWeThbWt1owJ/ah+mXHxZn4B8r+7xdnCiEdcQ=", "last_login": "2023-04-27T16:48:41.795Z", "is_superuser": true, "username": "admin", "first_name": "", "last_name": "Админов Админ", "email": "admin@mail.ru", "is_staff": true, "is_active": true, "date_joined": "2021-12-07T18:20:51Z", "groups": [], "user_permissions": []}}, {"model": "auth.user", "pk": 2, "fields": {"password": "pbkdf2_sha256$260000$pPBnN9kNZZldbzX47NK9EC$q+KQ49scuv1Iru0gBWdk/U43GgoIFqOp0M+dLZxoGpU=", "last_login": "2023-04-17T18:00:25Z", "is_superuser": false, "username": "ivan", "first_name": "", "last_name": "Иванов", "email": "ivan@ivan.ru", "is_staff": false, "is_active": true, "date_joined": "2023-04-17T16:59:44Z", "groups": [], "user_permissions": []}}, {"model": "auth.user", "pk": 3, "fields": {"password": "pbkdf2_sha256$260000$C2XJsEVa6waGCuLwQHmaiY$grKw7eM2a2WJg611q9QRDASYd6q/ujFdYy4dId2AeLg=", "last_login": "2023-05-02T18:57:08.454Z", "is_superuser": false, "username": "ivan@ban.nan", "first_name": "", "last_name": "Николай", "email": "ivan@van.nm", "is_staff": false, "is_active": true, "date_joined": "2023-04-19T13:36:05.744Z", "groups": [], "user_permissions": []}}, {"model": "auth.user", "pk": 4, "fields": {"password": "pbkdf2_sha256$260000$jKKBuBVdevpGoQKMxrnhvB$lcFYClAv7y6suaD1C1OaRiIyckBho44LjsSWKhPTgs4=", "last_login": "2023-05-02T18:33:33.350Z", "is_superuser": false, "username": "berta@ban.nan", "first_name": "", "last_name": "Berta", "email": "berta@ban.nan", "is_staff": false, "is_active": true, "date_joined": "2023-05-02T18:33:32.512Z", "groups": [], "user_permissions": []}}, {"model": "auth.user", "pk": 5, "fields": {"password": "pbkdf2_sha256$260000$09bGeVFmMAdQ6L84eOIiWC$BJp+Q1PcEcAl6qCvrV1PGs9t7XrcSRzGv2vCnt1cf7o=", "last_login": "2023-05-02T18:41:51.472Z", "is_superuser": false, "username": "ivan184@ban.nan", "first_name": "", "last_name": "berta", "email": "ivan184@ban.nan", "is_staff": false, "is_active": true, "date_joined": "2023-05-02T18:41:50.902Z", "groups": [], "user_permissions": []}}, {"model": "auth.user", "pk": 6, "fields": {"password": "pbkdf2_sha256$260000$1WwbwSY4mHOC9h1zQF1HSY$D04pWzFabIoZ2/ZHirkZonhHku/rYA9lAYpoSoq9HsE=", "last_login": "2023-05-02T18:45:54.375Z", "is_superuser": false, "username": "i323114van@ban.nan", "first_name": "", "last_name": "иванов иван иванович", "email": "i323114van@ban.nan", "is_staff": false, "is_active": true, "date_joined": "2023-05-02T18:45:53.743Z", "groups": [], "user_permissions": []}}, {"model": "auth.user", "pk": 7, "fields": {"password": "pbkdf2_sha256$260000$OpV0I3UGgYNqnSXqw26Gig$J7cEil4WdGTxrkM0gCdI0jy+ueoLvU0T/fXDS/zYkKw=", "last_login": "2023-05-02T18:47:10.586Z", "is_superuser": false, "username": "iv2an@ban.nan", "first_name": "", "last_name": "врвпрпа", "email": "iv2an@ban.nan", "is_staff": false, "is_active": true, "date_joined": "2023-05-02T18:47:09.999Z", "groups": [], "user_permissions": []}}, {"model": "auth.user", "pk": 8, "fields": {"password": "pbkdf2_sha256$260000$G2Rfs0ty2RRhjUhxjWQ8KQ$vdVHY609qq1t4NRAysRI1znBL/xfpw+b1+avD+5co9A=", "last_login": "2023-05-02T19:06:35.233Z", "is_superuser": false, "username": "ivan122@ban.nan", "first_name": "", "last_name": "test182", "email": "ivan122@ban.nan", "is_staff": false, "is_active": true, "date_joined": "2023-05-02T19:06:34.669Z", "groups": [], "user_permissions": []}}, {"model": "contenttypes.contenttype", "pk": 1, "fields": {"app_label": "admin", "model": "logentry"}}, {"model": "contenttypes.contenttype", "pk": 2, "fields": {"app_label": "auth", "model": "permission"}}, {"model": "contenttypes.contenttype", "pk": 3, "fields": {"app_label": "auth", "model": "group"}}, {"model": "contenttypes.contenttype", "pk": 4, "fields": {"app_label": "auth", "model": "user"}}, {"model": "contenttypes.contenttype", "pk": 5, "fields": {"app_label": "contenttypes", "model": "contenttype"}}, {"model": "contenttypes.contenttype", "pk": 6, "fields": {"app_label": "sessions", "model": "session"}}, {"model": "contenttypes.contenttype", "pk": 7, "fields": {"app_label": "app_shop", "model": "category"}}, {"model": "contenttypes.contenttype", "pk": 8, "fields": {"app_label": "app_shop", "model": "image"}}, {"model": "contenttypes.contenttype", "pk": 9, "fields": {"app_label": "app_shop", "model": "product"}}, {"model": "contenttypes.contenttype", "pk": 10, "fields": {"app_label": "app_shop", "model": "tags"}}, {"model": "contenttypes.contenttype", "pk": 11, "fields": {"app_label": "app_shop", "model": "comment"}}, {"model": "contenttypes.contenttype", "pk": 12, "fields": {"app_label": "app_shop", "model": "properties"}}, {"model": "contenttypes.contenttype", "pk": 13, "fields": {"app_label": "app_cart", "model": "deliverymethod"}}, {"model": "contenttypes.contenttype", "pk": 14, "fields": {"app_label": "app_cart", "model": "paymentmethod"}}, {"model": "contenttypes.contenttype", "pk": 15, "fields": {"app_label": "app_cart", "model": "orders"}}, {"model": "contenttypes.contenttype", "pk": 16, "fields": {"app_label": "app_cart", "model": "orderrecord"}}, {"model": "contenttypes.contenttype", "pk": 17, "fields": {"app_label": "app_users", "model": "profile"}}, {"model": "contenttypes.contenttype", "pk": 18, "fields": {"app_label": "app_blog", "model": "blognews"}}, {"model": "sessions.session", "pk": "0vik1448lkitw20i6rsg58h50ulpwxp6", "fields": {"session_data": ".eJxVjDsOwjAQRO-ydWQtZG1jl_ScIVp_QgzIAccpUJS7Q6Q0aaaY92YW8Fwq2AXaLT4z55rqF2zbwLskH8EqRIHr2kDHcx26eYqlSwEsnODQOfbPmDcQHpzvo_BjriU5sSlip5O4jSG-rrt7OBh4Gv5rc1GSnXJkDKMj6froSUsdvUIpz7KNofcaDSIpqYjQqYsk7YhMz4EirD-JE0Qr:1muffo:7VINii80Bn4YY61uZJOSVULMh9UzFUWUwx84Bh9Ihb4", "expire_date": "2021-12-21T18:58:44.060Z"}}, {"model": "sessions.session", "pk": "3gtprp65him1e8h4u1jnw56infi94vgw", "fields": {"session_data": ".eJxVjDEOgzAMRe_iuYrS1k4IY_eeAdmJKbQVkRKYEHdvkVhY_3vvrxC5zNCu2wU6XuahW6qWbkzQwhVOm3D86LSD9ObplU3M01xGMbtiDlrNMyf9Pg73dDBwHf51aByxOMEQ2AqS9BrRk9foLNGN7pr66G2wFh05RCuuIfSCGHpOqLD9ABu3OqE:1nK2tx:TsMZzCj_ifGNhLNnfsBfaHoDjbdienezJtFKVQ0_jHo", "expire_date": "2022-03-01T18:50:13.250Z"}}, {"model": "sessions.session", "pk": "5ntfd0ejrtx9jo2oqv8ca8w9puvzjl4i", "fields": {"session_data": ".eJxVjDsOwjAQRO-ydWQ5sGtjl_ScIVp_QgzIAccpUJS7Q6Q0aaaY92YW8Fwq2AVoi8_Muab6Bds28C7JR7CKpJDr2kDHcx26eYqlSwEstHDoHPtnzBsID873Ufgx15Kc2BSx00ncxhBf1909HAw8Df-1uShipxwaw9IhuT561KSjV5LoROcYeq-lkRIVKUTp1IVQO0TTc8AI6w-MpkQw:1mvORd:ivg4-tnzxybqNv27ztN3gkocslCcNLCYG3XcwU4szVo", "expire_date": "2021-12-23T18:47:05.814Z"}}, {"model": "sessions.session", "pk": "5sk9uq2j6gde4oyyi0ku9jm3apwz5bgj", "fields": {"session_data": ".eJxVjDEOgzAMRe_iuYrS1k4IY_eeAdmJKbQVkRKYEHdvkVhY_3vvrxC5zNCu2wU6XuahW6qWbkzQwhVOm3D86LSD9ObplU3M01xGMbtiDlrNMyf9Pg73dDBwHf51aByxOMEQ2AqS9BrRk9foLNGN7pr66G2wFh05RCuuIfSCGHpOqLD9ABu3OqE:1mxwcE:kO0YKjI49YBQgYbWKIIQoAojD5Lo5zAL4Pclt6Cc06s", "expire_date": "2021-12-30T19:40:34.672Z"}}, {"model": "sessions.session", "pk": "7625211mojwarwbntrx4l5thyd7agfxr", "fields": {"session_data": "eyJjYXJ0Ijp7IjIiOnsicXVhbnRpdHkiOjEsInByaWNlIjoxMTUwMC4wfX19:1ptvgT:aYfm94V06eULiHCaz7DwHY_SKLVzFFuvt73ULNVmJdU", "expire_date": "2023-05-16T19:29:09.902Z"}}, {"model": "sessions.session", "pk": "7rknl5uc9gzwqbp5kq8hc5nr5vl8k953", "fields": {"session_data": "eyJjYXJ0Ijp7IjIiOnsicXVhbnRpdHkiOjEsInByaWNlIjoxMTUwMC4wfX19:1ptvgh:U0a_l0dH-e8I6vqqQClqCGV2NuqU3xnzCesxlU_NHqQ", "expire_date": "2023-05-16T19:29:23.399Z"}}, {"model": "sessions.session", "pk": "7ztzw9drh4xo3ad9gmecymwldl0u0883", "fields": {"session_data": ".eJxVkM1uwyAQhF-l4pxY4F_Isfe-QSW0hk1NW4MFOK0V-d27dpP-cBihb2dmBVemYc6DnhNG7Sw7sZId_rIezBv6bWBfwb-EwgSfo-uLzVLcpql4ChbfH2_efwUDpIHSLdpWdrZSHdSdFb1oZGt6WSNvEcoKOIDkpUEhlDJnBAENl0LxrhMIUCsqDdFiZKcrOx9j-NgvLlD188xrITetyl35rnZX_OYPlJ-G4JH86n6IgbURUyLasPXA0r3ZuLzskGKwjOizHjEPYfuICN6GUYMxYfaZHPR0d8G4_Fp-CH5OW7-eojPIVlphIGbasK5fodd6vw:1poTy8:12B9o5CT1I8T7d7L6Ty3NYNuF5wBgi2rZ2OIvJE1Ngw", "expire_date": "2023-05-01T18:52:52.438Z"}}, {"model": "sessions.session", "pk": "9ivcyqjfesjyijrm1rr1f6iqvin96lpg", "fields": {"session_data": ".eJxVjDsOwjAQRO-ydWQ5sGtjl_ScIVp_QgzIAccpUJS7Q6Q0aaaY92YW8Fwq2AVoi8_Muab6Bds28C7JR7CKpJDr2kDHcx26eYqlSwEstHDoHPtnzBsID873Ufgx15Kc2BSx00ncxhBf1909HAw8Df-1uShipxwaw9IhuT561KSjV5LoROcYeq-lkRIVKUTp1IVQO0TTc8AI6w-MpkQw:1n08nG:pvQfCnAFMQfgdEQDD5srTXqrsAnS-McPYIVakHwdzBw", "expire_date": "2022-01-05T21:05:02.036Z"}}, {"model": "sessions.session", "pk": "a96kmy4s5yms6unxdch1q9h60ju2t140", "fields": {"session_data": "eyJjYXJ0Ijp7fX0:1pnLQq:ReqER31X-iqq-Spj_5Lx4iObl9wLktJZqqgU1wxy_ac", "expire_date": "2023-04-28T15:33:48.939Z"}}, {"model": "sessions.session", "pk": "d8m7yl5385afevbmyc11a5qyxidk6lhx", "fields": {"session_data": ".eJx9kM1uwyAQhF8l4lilFrYXbHLMvW9QyeJnXVMnEAFuZUV-94KVqu2llxGanf1YzZ0McknTsEQMgzXkRGpy_O0pqWd0ZWDepXvzlfYuBauqEqke01i9eIOX8yP7BzDJOOVt0XMmFVcghKQKmBpRQ8c61Jwy1rAWzag7KigFzjgAVbxn0CkAMUoDmKE-GAzkdCfjc_Cf-8P6jH5dKNS0aAu76l37Xc2uuGtz-D96yJ_cJu8wQ3vB6rYVDYNSiDQmYIzZfyLbkcTvA7RNazbnJcS5LMv1ii4NV0yTL515d7Gu3J7bsR8Y1p_RGBCHW7AayZaRWoaUidv2BStdfl0:1poTuP:O94a4Ki97nKX1ULSWFu5QpNKtQQL3lH_D-TSbSsQwMw", "expire_date": "2023-05-01T18:49:01.908Z"}}, {"model": "sessions.session", "pk": "dxs3fap2px7s82tld67qjs0dxepxsuch", "fields": {"session_data": ".eJxVjDEOgzAMRe_iuYrS1k4IY_eeAdmJKbQVkRKYEHdvkVhY_3vvrxC5zNCu2wU6XuahW6qWbkzQwhVOm3D86LSD9ObplU3M01xGMbtiDlrNMyf9Pg73dDBwHf51aByxOMEQ2AqS9BrRk9foLNGN7pr66G2wFh05RCuuIfSCGHpOqLD9ABu3OqE:1nPUG0:hrW04GZgcl8_mGymoaghSMBcUUtI304Qi1v6QtS2Hs4", "expire_date": "2022-03-16T19:03:28.178Z"}}, {"model": "sessions.session", "pk": "eipctmpceoyb6tfi8o8uzbky27eq8mop", "fields": {"session_data": ".eJxVjDEOgzAMRe_iuYrS1k4IY_eeAdmJKbQVkRKYEHdvkVhY_3vvrxC5zNCu2wU6XuahW6qWbkzQwhVOm3D86LSD9ObplU3M01xGMbtiDlrNMyf9Pg73dDBwHf51aByxOMEQ2AqS9BrRk9foLNGN7pr66G2wFh05RCuuIfSCGHpOqLD9ABu3OqE:1n85tE:y2uDlMEWDNmy-Koh-LNMrGtfjsfMSCkQJVC68UiGodU", "expire_date": "2022-01-27T19:36:04.449Z"}}, {"model": "sessions.session", "pk": "ffp91e2zdz2j93jhh5qefi9tkbrapopg", "fields": {"session_data": ".eJyVUdtqg0AQ_ZWwzzHuVXd9C4U2_9CWMLuOxmA0NdogwX_vusmDBEopLIe5cc7M2Rtx0PUkuxExw9cATV_1I8nYmpy7yiHJEko3dM7afHBhtMpJJtakgZNvk4-BSlbMKOmMAgPyRSwD5gHDjCxWIRGLEl0M6VAJFFIsunS1dVhXDa62u7dIcBVoZBqa6plG2hAb8nzLpR5Kv7k_6bvNGxghKqFrqn7oIIK7QASHchaI3AG7ZqyOnqQ6QYkXkr3fyNDVniAeznUL-SW-d2JjJIKjwigQnMvUoX8cLNfSqYSBtpZqzig3TCpnpOGSam-SS0wKzNLN8VxurmjPXgxq7zV5OpdM69-0mRN5KlI0aLlRFq1W6HSeSKUNSp1olmhIk9TLFrwwiU4LxZQWqKgDroL2Xr2-6Guz-2OHzzUpsd-DvbT10OP-sZCDHuq2jB-2jhXG_3I49teRvvUk--V3TdP0A2PHzu8:1puZMu:tuer00ila5Bf3646WKDdmn9yZ9MZY_savLH0F3FKQaQ", "expire_date": "2023-05-18T13:51:36.471Z"}}, {"model": "sessions.session", "pk": "gt79uup3euga7aaowhvt69r8zgn7f7g4", "fields": {"session_data": ".eJx1zD0OgzAMBeC7eK4iU-yEMHbvGZDzQ6GtoIUwVIi7FyQWBhYPft97M3gZEpQz5Nv5TtKlNv2gzC7wGVofodSICpcLZGcg512YM1EU1q5iJZVMqammMQ5VG6BcRw8_J_4Vuy0IT-kevfJ9l4bWqY2oPR3VvQ_xfdvtYaCRsVnbttAsTjuyVtARuzp6Mmyi18h85TyG2hu0iKRZE6HTBZNxRLaWQBGWP_UUWBE:1n06v9:lcn5sCSkJKjuhUTOkXkIWuK2LvX3hnYQSNQWnc6_Ux8", "expire_date": "2022-01-05T19:05:03.021Z"}}, {"model": "sessions.session", "pk": "h076j3j2m8i3r8u3m2jrofdlqnbv6hld", "fields": {"session_data": ".eJztWmlvHMcR_SuD_RiwV31UX_rmKIqlKIYR24ADxAbRRzV3eewws7uWCYH_PT0Htb0XD4uKlGAAorGcqamqrnr1qub4MDl169XsdL3E5nQeJy8nbHJSHvMuXOCiPRHP3eKsnoZ6sWrmftqKTIezy-l3dcTLPw-yWwpmbjnLV1ujpPPKg7WOepA-YQAtNQZFpeRSYExBU0spKKkAqFdGgvYANrkImJXWTcRm8vLDJJGmft_9mNdZ9S9rCoy2q4BuDd1qujV2K3Yrr-4XrbKR61m9wKzUWMmEsFxCGxAXY4PLZT7-p8ntyWR550CYr266g_lCd3OFi9XpFa5mdRuvenE5X7R-58jMf8PmZnPq45HrZh5wcptVBtesTgP3LKHVhFsjCaAyxDBpSIwsgIuJc9StWdEu_167xaqzz7L1TtFLRemUtv_VcR1Wk5cia9bHhI2xdktaf3QEk2M0Gk0o15EANUAsjYloZ5VT3OSE-VYtO6ZbyNaTh61nifs3kwX4MQHGeit3XltjBArPCLOgCTghiRMqEE2FhOg4ppBaXU_2Sez4dGeQsQPq9PEAf5i0JZYFlrM6Xx5xGZr59WpeL-5gHDZwBbsBMPjut616uFYFgntZ1q28O0KL3_1ZXZZCf3GvUHar6FZXlEJvCOKeqNvoBrprv7csij0MSgePqu_wol419aJ69_bVu-rHV99__9PrH6q_vf6pKi5hhdGyVOnGDegrebDqjlxQRi5URSBk4f6-0KAPC6HU_RaFzd7VMO2u4LGMeLW5ZBDrrRYJ6Z2FtLejQbRwbUhI2M0sDM7KzWkQ1RH6M6VQudVQeLAFoWITQwx60EEZu9JNuWfOlGDdgkwZebYbLSjha3aBNkSxT5GcZnZdXq7PcvXgJV5kaC3dVX3hVuRqQBq5mIcLsgx1vcKGnOOKhBk2i5v5-WS_6lf1yl2e3lU651YcIgN9lG378hb3lHcs0tjDaT9NQx1W3wRsG0j1zZtvieCy2mx_gGsJMX84FeCHy4p6Btis-1W91TBtURBl7oasDaLkvtLa0rSvA1SRVVm4MWR4i_AewQ-AZTUV4X4cS5TWSjJjuxmDkh5KSdNTQknkogy1L4t3q772PIbC4_5iVRTFkNKyCZR-lFQhKj6lW5EsSUWWsS_TVDSHgTX8blEOxwsSGrbcJ25A934Vuz3R4R-xh-mi7GFwuCj7XHu_1XHhbhw5c81ivlo3jri-coibnbWVc6Dk70aLrYoHvt3c1aFZgY7dfTeNY3enY3c_eN3X091PJvOrrOhfkxfr68vaxeWL-ZU7w-WLZIKI4D2lyLWg1jLhbTSGC2swBp7vSqPMswBond0L0Qetgosq32ZwwwROz6_Ppu_RX2eLn0P3KTumHSlz-TbacamcwRCs4Yla8Ca5HHjrAjUolUwCbYYkp5FnoykpBlpR9Gzj-a-7TNjGjB68EaLj8DMOP-Pw878__BwlRGsBM3cIK51oqSlg_uPOcwNBKuZM5jPDGeWWgQwWLG8fDwkMymrHPL2PEFnmQy00WvTcSo_eSAwmKpDGIhhlmDJOK53VJp6sMjpJJo1ASUPmuU73qfzrK_N-8eYIdTFD76a4wwPcI-a3hbvCgbT4f3dIemCEsftt7RMaZJ-UjIEPk3VzmZV8zt7oLnOEJwd3P7k9-ZwebDroH_Ph-frsAx4cbMOPeBx5qAkXEGZpF6pbw2rRCAaQpqpgI7oLxTsGLprC0AgONu3HI3rYyx_ktgfB_Jy81qdxZ7v3QOj5ee-oDwcJceBD_qR3ByOWRiztPhN93EudsaeOPfUr76n58DO9LRzBPoL9Kwf7OECOTf85Bshn_zxlRNuItnHEHLvu_2XXbQlT5lqRIhHHfSDZDBKjgyRJKUk5MIbKZQBnSa-s5wBAqAg0U6sRxHLLiQMGRkdQOUS9JKqMSkM1ES0TQwBKbPSWoEiJKyZASWyL4qGv5vYqiG9XUPl0HzZMuvXOuXyXUb6RLl-mfCJJv7m5xuaf1avLeh2rt2-rn-dNLprl8ol193HTQ-E1Ls7rMHPLnLkd1p61Fn8nobVI5nPyfrD4pBoMNFFJESPEjDNPGVitlBEGkxUqOggBkSeREDzzWiAXYBxLgWJEFlJXAX__h2Hs3Q_bKCwDcg_8lbI2g1zGQHPz4CBU0lJS6xzTKSZnhUs6s3gAi06itCFGalEm7qPk2nYO6Gjf0ovVfQ7sjwubjzIjptyjvMvzAuZ5QWtLLHIgWmVaMIhCBDNCdYTqVwDVkIAzrSSRMS9gQBJjM2cHh3nEgigkjyNUR6h-aaie7H5yz3c-ud8DIPtCd1ev4zzNsam-5RlfT4OVkA_fW2GvnpzxDKanYEiEKJy2GlUeBGnwVOT7FtWOnyaXvY-C6wR5QA06BpUzGbp0K5MCmuCNnl4vzk7_In_-sbk-305hueMDKdSbF9NOa5GYITSiy8OeECTf2HFCefQiKe1Ry5FsRrL50mQzfAk7PtIZH-l8-iOd29v_ALfBsFc:1pqddQ:oqK_1dw7HQSeUVY7FyzHMVjMnCvojkhhwD9UzSTCcPc", "expire_date": "2023-05-07T17:36:24.225Z"}}, {"model": "sessions.session", "pk": "hwtvhpp6wghkgjdg4zkqk47qjhul4uz9", "fields": {"session_data": ".eJx9kdtOwzAMhl9lyvWo0tZJD5fc8wZIVQ4uLdBkpClomvruJGnHmJC4-WXFn3879oUo4TxpL6SM8rEI40d_Jm1xJCc3KiQtpzSj65Hk90D-A5QsEQHpxOKHbpnRdaMmbSi5e5NCvaGJCf0qzIvNlDXejTKLSLZn5-zJanx_3Nk7g0HMQ6huas6E5BKaRlAJTPaooGIVKk4ZK1iJulcVbSgFzjgAlbxmUEmAphcaMJhap9HFD_UPzn6lYLTB-nmhkNOoJSRVSeukOikmLQ7_o4fQ5DRYE_ZD6oblZdkUDOJChNYO5_nabDNlUeGvKdBf6TzFlIRNz9exVTrGZqVu8-2s2Gbd68JE4jyh8d2EfrDxEE4YbadOKGUX4wMRVj9-ojvfkN4hdtup13X9BvWgq58:1mxDQo:o8htu1jGKf3M33wDLlseKdI_SFb0LPh-3t0C_AL_Gio", "expire_date": "2021-12-28T19:25:46.786Z"}}, {"model": "sessions.session", "pk": "kl1wk9zvmya1pdawng4ed2ug3cp4ixqx", "fields": {"session_data": "eyJvcmRlciI6e30sImNhcnQiOnsiNCI6eyJxdWFudGl0eSI6MywicHJpY2UiOjM1MC4wfX19:1nC4ho:lm8RBBqY3vO1fpZGNcpDRkKal6Wbj0ILZP6Y-tkfL1k", "expire_date": "2022-02-07T19:08:44.127Z"}}, {"model": "sessions.session", "pk": "li4se8ewn65bhku7xbusifveqm5g6eqz", "fields": {"session_data": ".eJxVjDEOgzAMRe_iuYrS1k4IY_eeAdmJKbQVkRKYEHdvkVhY_3vvrxC5zNCu2wU6XuahW6qWbkzQwhVOm3D86LSD9ObplU3M01xGMbtiDlrNMyf9Pg73dDBwHf51aByxOMEQ2AqS9BrRk9foLNGN7pr66G2wFh05RCuuIfSCGHpOqLD9ABu3OqE:1ps4ir:nGnuXpMhlVJ0yQDhqA-W7Hajb9CMGCmw4yM0PW4HcGc", "expire_date": "2023-05-11T16:43:57.338Z"}}, {"model": "sessions.session", "pk": "nsonvaqp4c5y1m5r0m40na52zktttkbm", "fields": {"session_data": ".eJx9kcFOxCAQhl9lw1kbuh1o6dG7b2DSDDDdVl1YKVU3m767gKtmL16-kH_-mYGfCzMYIusvrMl4W9HFOZ5ZX9-xU5gNsV5yXvFtu2MDrnEa1oXCMFvWs5rdaBrNC7lcsM_oDr4y3sUw6ypbqmt1qR69pdeHq_dmwITLlLpVJwVqqUEp5BqEHslAK1oykguxFw3Z0bRccQ5SSACuZSeg1QBqRAuUhvpgKeT3jPfBf5TD7NPop5VDzTMbKDSFXaEtpML97n_rLi05Td6leFinRN00ai8gB4LWBlqWpB_GiaXUlp8rmJJrlsdDbsfzkVwcjhQnn1ML6Kw_DmiMX11MjpTT_E7h_Gf5VejzlLcM31-0bdsXTS6RNQ:1nAdGX:ULzG6sAnTzHSawO-ivYWDhkqiq53ChkmbmFAUnC-8Qk", "expire_date": "2022-02-03T19:38:37.938Z"}}, {"model": "sessions.session", "pk": "q1r488wyyg2ybdal4e2s6o9bcwx0d9tc", "fields": {"session_data": ".eJxVjDsOgzAQRO-yNbKWZNfGlOlzBrT-EEgiSIwpIsTdAxINzRQz780CXlKGeoFyj-8sQ-7zD-qygE_qfYT6yogK17WARubcNfMUU9MHqDfl1DnxrzjsQ3jK8BiVH4eceqd2RB3rpO5jiO_bwZ4OOpm6zbaVZnHakbWCjti10ZNhE71G5gtfY2i9QYtImjUROl0xGUdkWwkUYf0DtDBEWQ:1nOkou:tno8oV3p7efFMSYi4GLzeGMyKiHjOWwAmjTl2Usm7wc", "expire_date": "2022-03-14T18:32:28.560Z"}}, {"model": "sessions.session", "pk": "q39en1v6uf5757saktbqiay33h8bi5re", "fields": {"session_data": ".eJx9j81OxCAUhV9lwnpsoAVaunTvG5g0_NxadAaUgqaZ-O4CU6Muxs0JOefjnnsvSMsQ0XhBpMhbki7auKGRHNFrsBrQ2DGMG_x5RP0tYhiEqER3i-D7iPYWQMi1JTM-GAiFm--C_6gP69GIHhOmBBftaFVddahqqkLV9vA_ekC5dvEu16JBMNJ1omWUZFcaE2Bds582mzaUt1m_l9B1Y7Qlm8p_uZ3BxekMcfEm-96dbJ54RAZO9h3C9hPNAWC63lnum2SKy5RWCJMtcSn-5SmpX8CVwDxL9-Qb7V0MVjUFafZ0bR58Lrrf2T8DFrku-bcYOJOKKyqExIoyNYOmPetBc8xYyzows-6xwJhyxinFig-M9opSMUtD865f7LanmA:1nHUSo:1HlCL-EdqFZ1I-61KBH-Rhp_1ZRdVraydAHHICD3nBo", "expire_date": "2022-02-22T17:39:38.810Z"}}, {"model": "sessions.session", "pk": "r9u7il5ki6k4ffjbahjahpg297hez0e1", "fields": {"session_data": ".eJx9j81uwyAQhF8l4uxa2AZsfMy9b1DJ4mdd0ybQYtzKivruXWj6k0svIzTzLTt7IUbFRMYL6bO8bsonl3YythV5ic4AGYdBypp-VKS7JZofQlCKABIhWoiZmu9ieC8PF8hIHjbKGpq1Y0VN0aGoLQpF28P_6IHg0iV4XEoGyZuuky1nDbrK2gjrij4XPcEu63cFU9oWG4fVfgafpjOkJVi0gz85_K4iFk7uDeL-G80RYPo6MR83qS0t07ZCnFyO89Y_nlbmGXwO7JPyj6E2wafodJ2R-pqu9X3ARccre_PBotYFp-UguNJCMykV1YzrGQzreQ9GUM5b3oGdTU8lpUxwwRjVYuCs14zJWVmGXT8BvU6Q1A:1nHV0q:kNQxjjv4iw6_lcx9DlC7Cah-zyeKC1H-wafYJW4_CDk", "expire_date": "2022-02-22T18:14:48.009Z"}}, {"model": "sessions.session", "pk": "rgng098s2im271rsam24hck4nppcqxog", "fields": {"session_data": ".eJx9kM1OxCAURl9lwnpsaHtpyyzd-wYmhJ-LrVqYANU0k767QMaoGzcnhPvdA_luRMgtzWKLGMRiyIW05Pz7Tkn9hq4MzKt0L77R3qWwqKZEmvs0Nk_e4PvjPftHMMs4520-DUyqQQHnkipgyqKGkY2oB8pYx3o0Vo-UUwoDGwCoGiYGowLgVhrALPXBYCCXG7EPwX_Ww-Kz-nmj0NLCHip15VRpKrGyO_0fPeVHrrN3mKUTZ23f845BKUQaEzDGfB-NJceZxO8v6CXtpZxoTSzrcl_RJbFimn1pLUhn_Cqk1n5zKSdyT8sHhv0nYgOiuIZFIzmyWsuQsvk4vgBgz4Kc:1nHVnq:Y1-WM2lhs8fHZ98b_2qgaeR0jWbHZxQuhXd_Rk28drk", "expire_date": "2022-02-22T19:05:26.134Z"}}, {"model": "sessions.session", "pk": "sz04qvkefu93d66dxck5afktmykd4rdf", "fields": {"session_data": ".eJx9kU1uwyAQha8SsU4tbA_YeNl9b1DJ4mdcu60hBdwqinz3AklbZdPNJ_TmzQw8LkRLH8lwIW3GxyZtXOKZDPWRnPyikQyc0oru-5GMcovzuAX042LIQGpypymp39DmgnmV9sVV2tnoF1VlS3WrhurJGXx_vHnvBswyzKlb9JxJxRUIIakCpibU0LEONaeMNaxFM-mOCkqBMw5AFe8ZdApATNIApqHOG_T5PdODd1_lsLg0-nmjUNPMFgp1YV9oCrGwOfxvPaQlp9nZFA_pBavbVjQMciDSGI8hJD1iiCTFFn7uoEuwVz21y_OKNo4rxtnl1Ly0xq2j1NptNjtSTssn-vOf5Ve5fs2-79_oiI4V:1n6zxe:OI-KD-aDQ6Yd7rNh4NylRefteiB5Q52NxglooVf_twE", "expire_date": "2022-01-24T19:04:06.548Z"}}, {"model": "sessions.session", "pk": "tdq98rc1fsw0xyu8613woyevabfeha46", "fields": {"session_data": ".eJyrVkpOLCpRsqpWMgQRhaWJeSWZJZVKVoY6SgVFmcmpSlbGpgYGega1OkrmuFRYWFhaglUY41JhBjaithYAYHMhiQ:1nHUBR:dC48x8QAYESvTXCYhUR9T8BX9knAC7hEyqH_NBxMavo", "expire_date": "2022-02-22T17:21:41.805Z"}}, {"model": "sessions.session", "pk": "xsje892u19uti858e4a666xlp0md4ds9", "fields": {"session_data": "eyJjYXJ0Ijp7fX0:1mufoE:1cIojQdmM1xfe1XPF59b5D3RnXWCwF9As2xFVTxYyZI", "expire_date": "2021-12-21T19:07:26.177Z"}}, {"model": "sessions.session", "pk": "zhpx3eimk9cmdonfbnt2bs00i441yoql", "fields": {"session_data": ".eJx9kd1OwyAYhm9l4Xg2dHy00EPPvQOThp-vtrrCpFSzLL13AWeWJerJEwIPL_ByIUaFSLoLqTPeV-XiFM-kq_fkFCaDpGOc0opue9L-ZQghZTKS0qs1jv26YOgnS7oUejenlXlDlxfsq3IvvjLexTDpKivVdXWpnrzF4-PVvQsY1TKm3VI0XOlGg5SKauB6QAMtb9E0lPMDZ2gH01JJKTS8AaC6ERxaDSAHZQFTqA8WQ37Q8BD8ZxlMPkU_rxRqmsmg0BSKQluIhYfd_-ouHXIavUv9ECF5zZg8cMiFKGsDLsv1MMZu0SBIKnH5uZEpPf9mpWh1ntHFfsY4-txoUM76uVfG-NXFZKQOpw8M55syBMT--8-2bfsC34OdFw:1nHV29:Ep7PkOZSzNNcFesAHS-hNNMLq3NRKwEVerLbwysO04I", "expire_date": "2022-02-22T18:16:09.329Z"}}, {"model": "app_shop.category", "pk": 1, "fields": {"name": "Наушники и гарнитуры", "slug": "naushniki-i-garnituryi", "parent_category": null, "icon": "uploads/category/icons/2.svg", "description": ""}}, {"model": "app_shop.category", "pk": 2, "fields": {"name": "Колонки", "slug": "kolonki", "parent_category": null, "icon": "uploads/category/icons/5.svg", "description": ""}}, {"model": "app_shop.category", "pk": 3, "fields": {"name": "Отдых и развлечения", "slug": "otdyih-i-razvlecheniya", "parent_category": null, "icon": "uploads/category/icons/6.svg", "description": ""}}, {"model": "app_shop.category", "pk": 4, "fields": {"name": "Камеры", "slug": "kameras", "parent_category": null, "icon": "uploads/category/icons/3.svg", "description": ""}}, {"model": "app_shop.category", "pk": 5, "fields": {"name": "Освещение", "slug": "lightings", "parent_category": null, "icon": "uploads/category/icons/11.svg", "description": ""}}, {"model": "app_shop.category", "pk": 6, "fields": {"name": "Проводные", "slug": "provodnyie", "parent_category": 1, "icon": "uploads/category/icons/3.svg", "description": ""}}, {"model": "app_shop.category", "pk": 7, "fields": {"name": "Безпроводные", "slug": "bezprovodnyie", "parent_category": 1, "icon": "uploads/category/icons/9.svg", "description": ""}}, {"model": "app_shop.tags", "pk": 2, "fields": {"name": "Колонки", "description": ""}}, {"model": "app_shop.tags", "pk": 3, "fields": {"name": "Самокаты", "description": ""}}, {"model": "app_shop.tags", "pk": 4, "fields": {"name": "Игровые наушники", "description": ""}}, {"model": "app_shop.tags", "pk": 7, "fields": {"name": "Настольное освещение", "description": "Настольное освещение"}}, {"model": "app_shop.tags", "pk": 8, "fields": {"name": "Беззеркальная камера", "description": "Беззеркальная камера"}}, {"model": "app_shop.tags", "pk": 9, "fields": {"name": "Bluetooth наушники", "description": ""}}, {"model": "app_shop.tags", "pk": 10, "fields": {"name": "Зеркальная камера", "description": ""}}, {"model": "app_shop.image", "pk": 1, "fields": {"image": "uploads/images/3cd3a797e6fa40cb033e566cad8484bd327f4dfcc7dc6a7ccac5dc68fce8cb87.png_D5WSrpj.webp", "alt": "Edifier G2II", "title": "Edifier G2II"}}, {"model": "app_shop.image", "pk": 2, "fields": {"image": "uploads/images/c0f050eed4d08eb0149766838ef936da4ccee2f3fe4b1b73e2348a1fc0ede1cf.jpg_LQ811KR.webp", "alt": "HyperX Cloud", "title": "HyperX Cloud"}}, {"model": "app_shop.image", "pk": 3, "fields": {"image": "uploads/images/66999ac5dc047c2436f75509aa17fdfa93af78a7c49ea5e59cdd09e5f2bd5279.jpg_7d9I0kt.webp", "alt": "HyperX Cloud", "title": "HyperX Cloud"}}, {"model": "app_shop.image", "pk": 4, "fields": {"image": "uploads/images/994eac0395a32247ce7ce2ab284c561a8bb0821029145c949240843ec697a1b0.jpg.webp", "alt": "Aceline AHG-325", "title": "Aceline AHG-325"}}, {"model": "app_shop.image", "pk": 5, "fields": {"image": "uploads/images/1c3d737e9eb295beb85ec8d64589e4868168a767c94f2f9687f51583e50ca250.jpg.webp", "alt": "Aceline AHG-325", "title": "Aceline AHG-325"}}, {"model": "app_shop.image", "pk": 6, "fields": {"image": "uploads/images/1c3d737e9eb295beb85ec8d64589e4868168a767c94f2f9687f51583e50ca250.jpg_5FC8wnH.webp", "alt": "Aceline AHG-325", "title": "Aceline AHG-325"}}, {"model": "app_shop.image", "pk": 7, "fields": {"image": "uploads/images/97274aae70d2535757ff49911236b1c4d7f689be95637b132c464119b3900d60.jpg.webp", "alt": "Defender SPK-33", "title": "Defender SPK-33"}}, {"model": "app_shop.image", "pk": 8, "fields": {"image": "uploads/images/5b53724e8265f58d14249efceb4bc8d6752fb8c7dda5ec1f8e6d13a225d06c66.jpg.webp", "alt": "Defender SPK-33", "title": "Defender SPK-33"}}, {"model": "app_shop.image", "pk": 9, "fields": {"image": "uploads/images/5b53724e8265f58d14249efceb4bc8d6752fb8c7dda5ec1f8e6d13a225d06c66.jpg_1GT6RGO.webp", "alt": "Defender SPK-33", "title": "Defender SPK-33"}}, {"model": "app_shop.image", "pk": 10, "fields": {"image": "uploads/images/431c0d42709768447dddc0bb84666364bb3168f238e0b153255d6a864e994835.jpg.webp", "alt": "Колонки 2.0 DEXP R110", "title": "Колонки 2.0 DEXP R110"}}, {"model": "app_shop.image", "pk": 11, "fields": {"image": "uploads/images/0f4db529a445ba7fb98044c20800d959a0616605f285fa752045a43f69ee255f.jpg.webp", "alt": "Колонки 2.0 DEXP R110", "title": "Колонки 2.0 DEXP R110"}}, {"model": "app_shop.image", "pk": 12, "fields": {"image": "uploads/images/23407f8e432fe082f7db74789438bd2077af958ea0b1a56a0d18d468fcebd3f5.jpg.webp", "alt": "DIGMA Mini Lite голубой", "title": "DIGMA Mini Lite голубой"}}, {"model": "app_shop.image", "pk": 13, "fields": {"image": "uploads/images/23407f8e432fe082f7db74789438bd2077af958ea0b1a56a0d18d468fcebd3f5.jpg_TvdixyX.webp", "alt": "DIGMA Mini Lite голубой", "title": "DIGMA Mini Lite голубой"}}, {"model": "app_shop.image", "pk": 14, "fields": {"image": "uploads/images/d302ba30797e7d494a573f021fae3db7fffadad1ebd4ec29cdaca947e8d8893d.jpg.webp", "alt": "DIGMA Mini Lite голубой", "title": "DIGMA Mini Lite голубой"}}, {"model": "app_shop.image", "pk": 15, "fields": {"image": "uploads/images/23407f8e432fe082f7db74789438bd2077af958ea0b1a56a0d18d468fcebd3f5.jpg_dCqy4XE.webp", "alt": "DIGMA Mini Lite голубой", "title": "DIGMA Mini Lite голубой"}}, {"model": "app_shop.image", "pk": 16, "fields": {"image": "uploads/images/f8c3d4bb00e27309913b9d882398edc2dfcd5622477432cdbc76cad63b12813e.jpg.webp", "alt": "Mekotron KICK SCOOTER", "title": "Mekotron KICK SCOOTER"}}, {"model": "app_shop.image", "pk": 17, "fields": {"image": "uploads/images/f8c3d4bb00e27309913b9d882398edc2dfcd5622477432cdbc76cad63b12813e.jpg_1.webp", "alt": "Mekotron KICK SCOOTER", "title": "Mekotron KICK SCOOTER"}}, {"model": "app_shop.image", "pk": 18, "fields": {"image": "uploads/images/e01a5bfa256a8ecc982f094b8fa4419ac08e565f3e943b20d28edff614760eb1.jpg.webp", "alt": "Mekotron KICK SCOOTER", "title": "Mekotron KICK SCOOTER"}}, {"model": "app_shop.image", "pk": 19, "fields": {"image": "uploads/images/cmr-III.jpg", "alt": "Зеркальный фотоаппарат Canon EOS 4000D Kit 18-55mm", "title": "Зеркальный фотоаппарат Canon EOS 4000D Kit 18-55mm"}}, {"model": "app_shop.image", "pk": 20, "fields": {"image": "uploads/images/cmr-III_2kftMrk.jpg", "alt": "Зеркальный фотоаппарат Canon EOS 4000D Kit 18-55mm", "title": "Зеркальный фотоаппарат Canon EOS 4000D Kit 18-55mm"}}, {"model": "app_shop.image", "pk": 21, "fields": {"image": "uploads/images/cmr-III_7VYElvf.jpg", "alt": "Canon EOS 4000D", "title": "Canon EOS 4000D"}}, {"model": "app_shop.image", "pk": 22, "fields": {"image": "uploads/images/cmr-I1II.jpg", "alt": "Фото", "title": "Фото"}}, {"model": "app_shop.image", "pk": 23, "fields": {"image": "uploads/images/EOS_4000D-Lifestyle-Hattie-Newman-05.jpg", "alt": "Фото", "title": "Фото"}}, {"model": "app_shop.image", "pk": 24, "fields": {"image": "uploads/images/EOS_4000D_Left_EF-S18-55-III.jpg", "alt": "Фото", "title": "Фото"}}, {"model": "app_shop.image", "pk": 25, "fields": {"image": "uploads/images/EOS_4000D_Right_EF-S18-55-III.jpg", "alt": "Фото", "title": "Фото"}}, {"model": "app_shop.image", "pk": 26, "fields": {"image": "uploads/images/122.JPG", "alt": "Canon EOS 2000D Kit 18-55mm", "title": "Canon EOS 2000D Kit 18-55mm"}}, {"model": "app_shop.image", "pk": 27, "fields": {"image": "uploads/images/12.JPG", "alt": "Canon EOS 2000D Kit 18-55mm", "title": "Canon EOS 2000D Kit 18-55mm"}}, {"model": "app_shop.image", "pk": 28, "fields": {"image": "uploads/images/1.JPG", "alt": "Canon EOS 2000D Kit 18-55mm", "title": "Canon EOS 2000D Kit 18-55mm"}}, {"model": "app_shop.image", "pk": 29, "fields": {"image": "uploads/images/dfgfdgfd.JPG", "alt": "Настольный светильник Xiaomi Mi Smart LED Desk Lam", "title": "Настольный светильник Xiaomi Mi Smart LED Desk Lam"}}, {"model": "app_shop.image", "pk": 30, "fields": {"image": "uploads/images/545454.JPG", "alt": "Настольный светильник Xiaomi Mi Smart LED Desk Lam", "title": "Настольный светильник Xiaomi Mi Smart LED Desk Lam"}}, {"model": "app_shop.image", "pk": 31, "fields": {"image": "uploads/images/67587987.JPG", "alt": "Настольный светильник FinePower A-003 белый", "title": "Настольный светильник FinePower A-003 белый"}}, {"model": "app_shop.image", "pk": 32, "fields": {"image": "uploads/images/67567657.JPG", "alt": "Настольный светильник FinePower A-003 белый", "title": "Настольный светильник FinePower A-003 белый"}}, {"model": "app_shop.image", "pk": 33, "fields": {"image": "uploads/images/679870980.JPG", "alt": "Настольный светильник FinePower A-003 черный", "title": "Настольный светильник FinePower A-003 черный"}}, {"model": "app_shop.image", "pk": 34, "fields": {"image": "uploads/images/9879887.JPG", "alt": "Настольный светильник FinePower A-003 черный", "title": "Настольный светильник FinePower A-003 черный"}}, {"model": "app_shop.image", "pk": 66, "fields": {"image": "uploads/images/1_j12CTFi.JPG", "alt": "Наушники TWS Aceline Basic Lite розовый", "title": "Наушники TWS Aceline Basic Lite розовый"}}, {"model": "app_shop.image", "pk": 67, "fields": {"image": "uploads/images/2.JPG", "alt": "Наушники TWS Aceline Basic Lite розовый", "title": "Наушники TWS Aceline Basic Lite розовый"}}, {"model": "app_shop.image", "pk": 68, "fields": {"image": "uploads/images/3.JPG", "alt": "Наушники TWS Aceline Basic Lite розовый", "title": "Наушники TWS Aceline Basic Lite розовый"}}, {"model": "app_shop.image", "pk": 69, "fields": {"image": "uploads/images/4.JPG", "alt": "Наушники TWS Aceline Basic Lite розовый", "title": "Наушники TWS Aceline Basic Lite розовый"}}, {"model": "app_shop.image", "pk": 70, "fields": {"image": "uploads/images/1_XcGz092.JPG", "alt": "Наушники TWS F+ Cloud черный", "title": "Наушники TWS F+ Cloud черный"}}, {"model": "app_shop.image", "pk": 71, "fields": {"image": "uploads/images/2_sNeu9sf.JPG", "alt": "Наушники TWS F+ Cloud черный", "title": "Наушники TWS F+ Cloud черный"}}, {"model": "app_shop.image", "pk": 72, "fields": {"image": "uploads/images/3_YYowWNm.JPG", "alt": "Наушники TWS F+ Cloud черный", "title": "Наушники TWS F+ Cloud черный"}}, {"model": "app_shop.image", "pk": 73, "fields": {"image": "uploads/images/4_1K9NQnl.JPG", "alt": "Наушники TWS F+ Cloud черный", "title": "Наушники TWS F+ Cloud черный"}}, {"model": "app_shop.image", "pk": 74, "fields": {"image": "uploads/images/1_5y2QsQQ.JPG", "alt": "Беззеркальная камера Canon EOS M50 Mark II Kit 15-", "title": "Беззеркальная камера Canon EOS M50 Mark II Kit 15-"}}, {"model": "app_shop.image", "pk": 75, "fields": {"image": "uploads/images/2_EoCXIJA.JPG", "alt": "Беззеркальная камера Canon EOS M50 Mark II Kit 15-", "title": "Беззеркальная камера Canon EOS M50 Mark II Kit 15-"}}, {"model": "app_shop.image", "pk": 76, "fields": {"image": "uploads/images/3_jva927i.JPG", "alt": "Беззеркальная камера Canon EOS M50 Mark II Kit 15-", "title": "Беззеркальная камера Canon EOS M50 Mark II Kit 15-"}}, {"model": "app_shop.image", "pk": 77, "fields": {"image": "uploads/images/4_LlOGP1a.JPG", "alt": "Беззеркальная камера Canon EOS M50 Mark II Kit 15-", "title": "Беззеркальная камера Canon EOS M50 Mark II Kit 15-"}}, {"model": "app_shop.properties", "pk": 1, "fields": {"name": "Гарантия", "value": "24 мес.", "product": 1}}, {"model": "app_shop.properties", "pk": 2, "fields": {"name": "Страна-производитель", "value": "Китай", "product": 1}}, {"model": "app_shop.properties", "pk": 3, "fields": {"name": "Тип", "value": "проводная гарнитура", "product": 1}}, {"model": "app_shop.properties", "pk": 4, "fields": {"name": "Модель", "value": "Edifier G2II", "product": 1}}, {"model": "app_shop.properties", "pk": 5, "fields": {"name": "Игровые наушники", "value": "да", "product": 1}}, {"model": "app_shop.properties", "pk": 6, "fields": {"name": "Гарантия", "value": "24 мес.", "product": 2}}, {"model": "app_shop.properties", "pk": 7, "fields": {"name": "Страна-производитель", "value": "Китай", "product": 2}}, {"model": "app_shop.properties", "pk": 8, "fields": {"name": "Тип", "value": "радиочастотная гарнитура", "product": 2}}, {"model": "app_shop.properties", "pk": 9, "fields": {"name": "Модель", "value": "HyperX Cloud II Wireless", "product": 2}}, {"model": "app_shop.properties", "pk": 10, "fields": {"name": "Игровые наушники", "value": "да", "product": 2}}, {"model": "app_shop.properties", "pk": 11, "fields": {"name": "Способ передачи сигнала", "value": "радиоканал", "product": 2}}, {"model": "app_shop.properties", "pk": 12, "fields": {"name": "Гарантия", "value": "12 мес.", "product": 3}}, {"model": "app_shop.properties", "pk": 13, "fields": {"name": "Страна-производитель", "value": "Китай", "product": 3}}, {"model": "app_shop.properties", "pk": 14, "fields": {"name": "Тип", "value": "проводная гарнитура", "product": 3}}, {"model": "app_shop.properties", "pk": 15, "fields": {"name": "Модель", "value": "Aceline AHG-325", "product": 3}}, {"model": "app_shop.properties", "pk": 16, "fields": {"name": "Игровые наушники", "value": "да", "product": 3}}, {"model": "app_shop.properties", "pk": 17, "fields": {"name": "Способ передачи сигнала", "value": "проводной", "product": 3}}, {"model": "app_shop.properties", "pk": 18, "fields": {"name": "Тип конструкции", "value": "накладные", "product": 3}}, {"model": "app_shop.properties", "pk": 19, "fields": {"name": "Формат звуковой схемы", "value": "2.0", "product": 3}}, {"model": "app_shop.properties", "pk": 20, "fields": {"name": "Гарантия АСЦ", "value": "3 мес", "product": 4}}, {"model": "app_shop.properties", "pk": 21, "fields": {"name": "Страна-производитель", "value": "Китай", "product": 4}}, {"model": "app_shop.properties", "pk": 22, "fields": {"name": "Тип", "value": "колонки", "product": 4}}, {"model": "app_shop.properties", "pk": 23, "fields": {"name": "Формат системы", "value": "2.0", "product": 4}}, {"model": "app_shop.properties", "pk": 24, "fields": {"name": "Основной цвет", "value": "черный", "product": 4}}, {"model": "app_shop.properties", "pk": 25, "fields": {"name": "Мощность", "value": "5 Вт", "product": 4}}, {"model": "app_shop.properties", "pk": 26, "fields": {"name": "Минимальная воспроизводимая частота", "value": "100 Гц", "product": 4}}, {"model": "app_shop.properties", "pk": 27, "fields": {"name": "Максимальная воспроизводимая частота", "value": "20000 Гц", "product": 4}}, {"model": "app_shop.properties", "pk": 28, "fields": {"name": "Гарантия", "value": "12 мес.", "product": 5}}, {"model": "app_shop.properties", "pk": 29, "fields": {"name": "Страна-производитель", "value": "Китай", "product": 5}}, {"model": "app_shop.properties", "pk": 30, "fields": {"name": "Тип", "value": "колонки", "product": 5}}, {"model": "app_shop.properties", "pk": 31, "fields": {"name": "Формат системы", "value": "2.0", "product": 5}}, {"model": "app_shop.properties", "pk": 32, "fields": {"name": "Основной цвет", "value": "белый, черный", "product": 5}}, {"model": "app_shop.properties", "pk": 33, "fields": {"name": "Мощность", "value": "4 Вт", "product": 5}}, {"model": "app_shop.properties", "pk": 34, "fields": {"name": "Минимальная воспроизводимая частота", "value": "100 Гц", "product": 5}}, {"model": "app_shop.properties", "pk": 35, "fields": {"name": "Максимальная воспроизводимая частота", "value": "20000 Гц", "product": 5}}, {"model": "app_shop.properties", "pk": 36, "fields": {"name": "Соотношение сигнал/шум", "value": "85 дБ", "product": 5}}, {"model": "app_shop.properties", "pk": 37, "fields": {"name": "Разделение каналов", "value": "65 дБ", "product": 5}}, {"model": "app_shop.properties", "pk": 38, "fields": {"name": "Уровень общих искажений", "value": "1 %", "product": 5}}, {"model": "app_shop.properties", "pk": 39, "fields": {"name": "Гарантия", "value": "12 мес.", "product": 6}}, {"model": "app_shop.properties", "pk": 40, "fields": {"name": "Страна-производитель", "value": "Китай", "product": 6}}, {"model": "app_shop.properties", "pk": 41, "fields": {"name": "Тип", "value": "электросамокат", "product": 6}}, {"model": "app_shop.properties", "pk": 42, "fields": {"name": "Модель", "value": "DIGMA Mini Lite", "product": 6}}, {"model": "app_shop.properties", "pk": 43, "fields": {"name": "Основной цвет", "value": "голубой", "product": 6}}, {"model": "app_shop.properties", "pk": 44, "fields": {"name": "Максимальная мощность мотора", "value": "100 Вт", "product": 6}}, {"model": "app_shop.properties", "pk": 45, "fields": {"name": "Максимальная нагрузка", "value": "50 кг", "product": 6}}, {"model": "app_shop.properties", "pk": 46, "fields": {"name": "Максимальный угол подъема (градус)", "value": "4°", "product": 6}}, {"model": "app_shop.properties", "pk": 47, "fields": {"name": "Максимальная скорость", "value": "6 км/ч", "product": 6}}, {"model": "app_shop.properties", "pk": 48, "fields": {"name": "Максимальный запас хода", "value": "8 км", "product": 6}}, {"model": "app_shop.properties", "pk": 49, "fields": {"name": "Вид газа", "value": "ножной", "product": 6}}, {"model": "app_shop.properties", "pk": 50, "fields": {"name": "Гарантия", "value": "12 мес.", "product": 7}}, {"model": "app_shop.properties", "pk": 51, "fields": {"name": "Страна-производитель", "value": "Китай", "product": 7}}, {"model": "app_shop.properties", "pk": 52, "fields": {"name": "Тип", "value": "электросамокат", "product": 7}}, {"model": "app_shop.properties", "pk": 53, "fields": {"name": "Модель", "value": "Mekotron KICK SCOOTER JET", "product": 7}}, {"model": "app_shop.properties", "pk": 54, "fields": {"name": "Максимальная мощность мотора", "value": "250 Вт", "product": 7}}, {"model": "app_shop.properties", "pk": 55, "fields": {"name": "Максимальная нагрузка", "value": "100 кг", "product": 7}}, {"model": "app_shop.properties", "pk": 56, "fields": {"name": "Максимальный запас хода", "value": "10 км", "product": 7}}, {"model": "app_shop.properties", "pk": 57, "fields": {"name": "Вид газа", "value": "ручной", "product": 7}}, {"model": "app_shop.properties", "pk": 58, "fields": {"name": "Гарантия от продавца", "value": "24 мес", "product": 8}}, {"model": "app_shop.properties", "pk": 59, "fields": {"name": "Страна-производитель", "value": "Тайвань (китай)", "product": 8}}, {"model": "app_shop.properties", "pk": 60, "fields": {"name": "Модель", "value": "Canon EOS 4000D Kit 18-55mm III", "product": 8}}, {"model": "app_shop.properties", "pk": 61, "fields": {"name": "Цвет камеры", "value": "черный", "product": 8}}, {"model": "app_shop.properties", "pk": 62, "fields": {"name": "Материал корпуса", "value": "поликарбонатная смола", "product": 8}}, {"model": "app_shop.properties", "pk": 63, "fields": {"name": "Общее число пикселей", "value": "18.7 Мп", "product": 8}}, {"model": "app_shop.properties", "pk": 64, "fields": {"name": "Гарантия от продавца", "value": "12 мес.", "product": 9}}, {"model": "app_shop.properties", "pk": 65, "fields": {"name": "Страна-производитель", "value": "Тайвань (китай)", "product": 9}}, {"model": "app_shop.properties", "pk": 66, "fields": {"name": "Тип", "value": "зеркальный фотоаппарат", "product": 9}}, {"model": "app_shop.properties", "pk": 67, "fields": {"name": "Модель", "value": "Canon EOS 2000D Kit 18-55mm DC", "product": 9}}, {"model": "app_shop.properties", "pk": 68, "fields": {"name": "Материал корпуса", "value": "поликарбонатная смола", "product": 9}}, {"model": "app_shop.properties", "pk": 69, "fields": {"name": "Тип", "value": "настольный светильник", "product": 10}}, {"model": "app_shop.properties", "pk": 70, "fields": {"name": "Модель", "value": "Xiaomi Mi Smart LED Desk Lamp 1S", "product": 10}}, {"model": "app_shop.properties", "pk": 71, "fields": {"name": "Код производителя", "value": "[MUE4105GL]", "product": 10}}, {"model": "app_shop.properties", "pk": 72, "fields": {"name": "Основной цвет", "value": "белый", "product": 10}}, {"model": "app_shop.properties", "pk": 73, "fields": {"name": "Основной материал", "value": "пластик", "product": 10}}, {"model": "app_shop.properties", "pk": 74, "fields": {"name": "Материал плафона", "value": "пластик", "product": 10}}, {"model": "app_shop.properties", "pk": 75, "fields": {"name": "Гарантия от производителя", "value": "6 мес.", "product": 11}}, {"model": "app_shop.properties", "pk": 76, "fields": {"name": "Страна-производитель", "value": "Китай", "product": 11}}, {"model": "app_shop.properties", "pk": 77, "fields": {"name": "Модель", "value": "FinePower A-003", "product": 11}}, {"model": "app_shop.properties", "pk": 78, "fields": {"name": "Основной цвет", "value": "белый", "product": 11}}, {"model": "app_shop.properties", "pk": 79, "fields": {"name": "Основной материал", "value": "металл", "product": 11}}, {"model": "app_shop.properties", "pk": 80, "fields": {"name": "Материал плафона", "value": "металл", "product": 11}}, {"model": "app_shop.properties", "pk": 81, "fields": {"name": "Количество источников света", "value": "1 шт", "product": 11}}, {"model": "app_shop.properties", "pk": 82, "fields": {"name": "Тип цоколя/источника света", "value": "E27", "product": 11}}, {"model": "app_shop.properties", "pk": 83, "fields": {"name": "Мощность", "value": "60 Вт", "product": 11}}, {"model": "app_shop.properties", "pk": 84, "fields": {"name": "Основной материал", "value": "металл", "product": 12}}, {"model": "app_shop.properties", "pk": 85, "fields": {"name": "Гарантия от производителя", "value": "6 мес.", "product": 12}}, {"model": "app_shop.properties", "pk": 86, "fields": {"name": "Страна-производитель", "value": "Китай", "product": 12}}, {"model": "app_shop.properties", "pk": 87, "fields": {"name": "Тип цоколя/источника света", "value": "E27", "product": 12}}, {"model": "app_shop.properties", "pk": 88, "fields": {"name": "Количество источников света", "value": "1 шт", "product": 12}}, {"model": "app_shop.properties", "pk": 117, "fields": {"name": "Гарантия от производителя", "value": "12 мес.", "product": 45}}, {"model": "app_shop.properties", "pk": 118, "fields": {"name": "Тип", "value": "наушники TWS", "product": 45}}, {"model": "app_shop.properties", "pk": 119, "fields": {"name": "Модель", "value": "Aceline Basic Lite", "product": 45}}, {"model": "app_shop.properties", "pk": 120, "fields": {"name": "Способ передачи сигнала", "value": "Bluetooth", "product": 45}}, {"model": "app_shop.properties", "pk": 121, "fields": {"name": "Тип конструкции", "value": "внутриканальные", "product": 45}}, {"model": "app_shop.properties", "pk": 122, "fields": {"name": "Основной цвет наушников", "value": "розовый", "product": 45}}, {"model": "app_shop.properties", "pk": 123, "fields": {"name": "Материал корпуса", "value": "пластик", "product": 45}}, {"model": "app_shop.properties", "pk": 124, "fields": {"name": "Материал амбушюр", "value": "силикон", "product": 45}}, {"model": "app_shop.properties", "pk": 125, "fields": {"name": "Метод крепления", "value": "без крепления", "product": 45}}, {"model": "app_shop.properties", "pk": 126, "fields": {"name": "Тип акустического оформления", "value": "закрытые", "product": 45}}, {"model": "app_shop.properties", "pk": 127, "fields": {"name": "Гарантия от производителя", "value": "12 мес.", "product": 46}}, {"model": "app_shop.properties", "pk": 128, "fields": {"name": "Страна-производитель", "value": "Китай", "product": 46}}, {"model": "app_shop.properties", "pk": 129, "fields": {"name": "Тип", "value": "наушники TWS", "product": 46}}, {"model": "app_shop.properties", "pk": 130, "fields": {"name": "Модель", "value": "F+ Cloud", "product": 46}}, {"model": "app_shop.properties", "pk": 131, "fields": {"name": "Способ передачи сигнала", "value": "Bluetooth", "product": 46}}, {"model": "app_shop.properties", "pk": 132, "fields": {"name": "Тип конструкции", "value": "вкладыши", "product": 46}}, {"model": "app_shop.properties", "pk": 133, "fields": {"name": "Основной цвет наушников", "value": "черный", "product": 46}}, {"model": "app_shop.properties", "pk": 134, "fields": {"name": "Материал корпуса", "value": "пластик", "product": 46}}, {"model": "app_shop.properties", "pk": 135, "fields": {"name": "Материал амбушюр", "value": "пластик", "product": 46}}, {"model": "app_shop.properties", "pk": 136, "fields": {"name": "Метод крепления", "value": "без крепления", "product": 46}}, {"model": "app_shop.properties", "pk": 137, "fields": {"name": "Подсветка", "value": "нет", "product": 46}}, {"model": "app_shop.properties", "pk": 138, "fields": {"name": "Формат звуковой схемы", "value": "2.0", "product": 46}}, {"model": "app_shop.properties", "pk": 139, "fields": {"name": "Гарантия от продавца", "value": "12 мес.", "product": 47}}, {"model": "app_shop.properties", "pk": 140, "fields": {"name": "Страна-производитель", "value": "Япония", "product": 47}}, {"model": "app_shop.properties", "pk": 141, "fields": {"name": "Тип", "value": "беззеркальная камера", "product": 47}}, {"model": "app_shop.properties", "pk": 142, "fields": {"name": "Цвет камеры", "value": "черная", "product": 47}}, {"model": "app_shop.properties", "pk": 143, "fields": {"name": "Модель", "value": "Canon EOS M50 Mark II Kit 15-45mm IS STM", "product": 47}}, {"model": "app_shop.properties", "pk": 144, "fields": {"name": "Материал корпуса", "value": "поликарбонат", "product": 47}}, {"model": "app_shop.properties", "pk": 145, "fields": {"name": "Общее число мегапикселей матрицы", "value": "25.8 Мп", "product": 47}}, {"model": "app_shop.properties", "pk": 146, "fields": {"name": "Число эффективных мегапикселей", "value": "24.1 Мп", "product": 47}}, {"model": "app_shop.properties", "pk": 147, "fields": {"name": "Тип матрицы", "value": "CMOS", "product": 47}}, {"model": "app_shop.properties", "pk": 148, "fields": {"name": "Физический размер матрицы", "value": "22.3 х 14.9 мм", "product": 47}}, {"model": "app_shop.product", "pk": 1, "fields": {"name": "Проводная гарнитура Edifier G2II черный", "published": true, "slug": "provodnaya-garnitura-edifier-g2ii-chernyij", "short_description": "Проводные наушники Edifier G2II порадуют геймера 7.1-канальным пространственным звучанием, помогая максимально сосредоточиться на каждой детали звукового сопровождения", "description": "Проводные наушники Edifier G2II порадуют геймера 7.1-канальным пространственным звучанием, помогая максимально сосредоточиться на каждой детали звукового сопровождения. В наушниках используются мощные 50-мм динамики на основе неодимовых магнитов, выдающие четкий звук с насыщенным басом. За высокое качество передачи голоса отвечает съемный и гибкий микрофон конденсаторного типа.\r\nБлагодаря эргономичной конструкции с легким оголовьем и мягкой отделкой амбушюр наушники обеспечивают исключительный комфорт даже при длительной эксплуатации. Чашки наушников украшены логотипом и подсветкой RGB с динамическими эффектами. Подключение Edifier G2II к ПК или игровой консоли осуществляется посредством кабеля с разъемом USB.", "category": 6, "created_by": 1, "create_date": "2021-12-07T18:24:40.354Z", "old_price": null, "price": "3500.00", "limited_edition": false, "hot_offers": true, "stock_balance": 0, "free_delivery": true, "views_count": 7, "images": [1], "tags": [4]}}, {"model": "app_shop.product", "pk": 2, "fields": {"name": "Радиочастотная гарнитура HyperX Cloud II Wireless черный", "published": true, "slug": "radiochastotnaya-garnitura-hyperx-cloud-ii-wireless-chernyij", "short_description": "Радиочастотная гарнитура HyperX Cloud II Wireless представляет собой яркое и стильное решение для игр, просмотра кино и прослушивания музыки.", "description": "Радиочастотная гарнитура HyperX Cloud II Wireless представляет собой яркое и стильное решение для игр, просмотра кино и прослушивания музыки. Модель обладает эргономичной конструкцией с закрытыми чашами и мягкими амбюшурами из пены, которые могут запоминать форму. Для фиксации на голове используется регулируемое оголовье с металлическим каркасом, что положительно сказывается на удобстве и надежности использования. Благодаря своим особенностям наушники подарят комфорт во время долгих игровых сессий и прослушивания музыки.\r\nРадиочастотная гарнитура HyperX Cloud II Wireless использует в своей основе динамические излучатели диаметром 53 мм, что вкупе с частотным диапазоном от 15 до 20000 Гц и чувствительностью 104 дБ обеспечит качественное звучание любимых композиций. Для подключения данная модель использует радиканал на частоте 2.4 ГГц с дальностью приема до 20 м. Благодаря встроенному аккумулятору обеспечивается продолжительность работы до 30 ч. Комплект поставки включает в себя USB-кабель для зарядки.", "category": 7, "created_by": 1, "create_date": "2021-12-07T18:29:20.789Z", "old_price": null, "price": "11500.00", "limited_edition": false, "hot_offers": false, "stock_balance": 80, "free_delivery": true, "views_count": 25, "images": [2, 3], "tags": [4]}}, {"model": "app_shop.product", "pk": 3, "fields": {"name": "Проводная гарнитура Aceline AHG-325 черный", "published": true, "slug": "provodnaya-garnitura-aceline-ahg-325-chernyij", "short_description": "Наушники Aceline AHG-325 выполнены в эффектной красно-черной расцветке и обладают накладными амбушюрами. Модель принадлежит формату 2.0 и имеет регулируемое широкое оголовье.", "description": "Наушники Aceline AHG-325 выполнены в эффектной красно-черной расцветке и обладают накладными амбушюрами. Модель принадлежит формату 2.0 и имеет регулируемое широкое оголовье. Устройство создает закрытое акустическое оформление, что удобно, если вы хотите погрузиться в игровой процесс или прослушивание музыки, что называется, «с головой». Диаметр мембраны каждого из излучателей составляет 4 см, а мощность модели приравнивается к показателю 10 мВт. Чувствительность устройства составляет 100 дБ, а частотный диапазон работы приравнивается к стандартному для таких устройств показателю в 20–20000 Гц.\r\nТакже наушники могут «похвастаться» присутствием встроенного микрофона с чувствительностью -54 дБ. Для крепления Aceline AHG-325 к компьютеру, планшету или смартфону наушники имеют кабель с прямым штекером и типом соединения jack 3.5 мм. Длина кабеля составляет 2 м.", "category": 6, "created_by": 1, "create_date": "2021-12-07T18:36:06.767Z", "old_price": null, "price": "600.00", "limited_edition": true, "hot_offers": true, "stock_balance": 4, "free_delivery": true, "views_count": 8, "images": [4, 6], "tags": [4]}}, {"model": "app_shop.product", "pk": 4, "fields": {"name": "Колонки 2.0 Defender SPK-33", "published": true, "slug": "kolonki-20-defender-spk-33", "short_description": "Колонки 2.0 Defender SPK-33 – миниатюрная модель, предназначенная для использования с ноутбуком. Питание осуществляется через USB, а аудиосигнал передается через выход 3.5 Jack.", "description": "Колонки 2.0 Defender SPK-33 – миниатюрная модель, предназначенная для использования с ноутбуком. Питание осуществляется через USB, а аудиосигнал передается через выход 3.5 Jack. Совместимы со смартфонами и планшетами. Обеспечивают звук достаточно хорошего качества.\r\nКонструкция Defender SPK-33 предельно простая, из органов управления предусмотрен только регулятор громкости. Это отличный вариант для офиса и дома, не занимающий много места на столе. Для использования не требуется установки драйверов: сразу после подключения колонки готовы к работе.", "category": 2, "created_by": 1, "create_date": "2021-12-07T18:40:53.570Z", "old_price": null, "price": "350.00", "limited_edition": false, "hot_offers": true, "stock_balance": 90, "free_delivery": true, "views_count": 39, "images": [8, 9, 7], "tags": [2]}}, {"model": "app_shop.product", "pk": 5, "fields": {"name": "Колонки 2.0 DEXP R110", "published": true, "slug": "kolonki-20-dexp-r110", "short_description": "Колонки DEXP R110 порадуют молодежным стилем. На фоне белого округлого корпуса и черного фона основной лицевой панели контрастно выделяются блестящие металлические круги динамиков, окруженные задорными рыжими вставками. Колонки оборудованы активным усилителем звука, питание на который подается по обычному USB-кабелю.", "description": "Колонки DEXP R110 порадуют молодежным стилем. На фоне белого округлого корпуса и черного фона основной лицевой панели контрастно выделяются блестящие металлические круги динамиков, окруженные задорными рыжими вставками. Колонки оборудованы активным усилителем звука, питание на который подается по обычному USB-кабелю. Для подключения к питанию рекомендуется воспользоваться USB-портами версии 2.0 (0.5 А), при подключении к USB-портам версии 3.0 возможны некоторые искажения звука. Допускается подключение к зарядным устройствам мобильных телефонов (при условии выходного тока не больше 0.5 А и отсоединяемого кабеля).\r\nКолонки DEXP R110 можно подключать не только к ПК или планшету но и к MP3-плееру, телевизору или телефону. Это возможно благодаря использованию стандартного 3.5 мм музыкального разъема. Общая выходная мощность колонок составляет 4 Вт, звук воспроизводится в частотных пределах от 100 до 20000 Гц.", "category": 2, "created_by": 1, "create_date": "2021-12-07T18:44:38.745Z", "old_price": null, "price": "650.00", "limited_edition": true, "hot_offers": false, "stock_balance": 12, "free_delivery": true, "views_count": 3, "images": [10, 11], "tags": [2]}}, {"model": "app_shop.product", "pk": 6, "fields": {"name": "Электросамокат DIGMA Mini Lite голубой", "published": true, "slug": "elektrosamokat-digma-mini-lite-goluboj", "short_description": "Электросамокат DIGMA Mini Lite – модель для детей до 50 кг. Для удобства и безопасности ребенка здесь продумано многое", "description": "Электросамокат DIGMA Mini Lite – модель для детей до 50 кг. Для удобства и безопасности ребенка здесь продумано многое. Максимальная скорость устройства 6 км/ч – его будет достаточно просто догнать бегом. DIGMA Mini Lite оснащен пятидюймовыми колесами с мягкими шинами и складной рамой – с ним можно войти в общественный транспорт или без труда найти ему место в багажнике семейного автомобиля. Весит модель всего 4.5 кг – ребенок сможет самостоятельно поднять его при необходимости. Телескопическая рулевая стойка позволяет регулировать высоту по мере роста владелицы.", "category": 3, "created_by": 1, "create_date": "2021-12-07T18:50:43.639Z", "old_price": null, "price": "6499.00", "limited_edition": true, "hot_offers": false, "stock_balance": 3, "free_delivery": true, "views_count": 4, "images": [13, 14, 15], "tags": [3]}}, {"model": "app_shop.product", "pk": 7, "fields": {"name": "Электросамокат Mekotron KICK SCOOTER JET черный", "published": true, "slug": "elektrosamokat-mekotron-kick-scooter-jet-chernyij", "short_description": "Мощный и достаточно легкий электросамокат Mekotron KICK SCOOTER JET обладает складным черным корпусом. Это позволяет занимать ему минимум места при хранении и транспортировке.", "description": "Мощный и достаточно легкий электросамокат Mekotron KICK SCOOTER JET обладает складным черным корпусом. Это позволяет занимать ему минимум места при хранении и транспортировке. Максимальная нагрузка на платформу может достигать показателя 100 кг. Это значит, что пользоваться этим экологичным транспортом могут и дети, и взрослые. Отдельного внимания заслуживает высокая безопасность электросамоката Mekotron KICK SCOOTER JET: он защищен от короткого замыкания, перезаряда, избыточного разряда. В корпусе модели предусмотрен бортовой компьютер с электронным дисплеем.", "category": 3, "created_by": 1, "create_date": "2021-12-07T18:54:15.365Z", "old_price": null, "price": "8899.00", "limited_edition": true, "hot_offers": false, "stock_balance": 8000, "free_delivery": true, "views_count": 4, "images": [16, 17, 18], "tags": [3]}}, {"model": "app_shop.product", "pk": 8, "fields": {"name": "Зеркальный фотоаппарат Canon EOS 4000D", "published": true, "slug": "zerkalnyij-fotoapparat-canon-eos-4000d", "short_description": "Зеркальный фотоаппарат Canon EOS 4000D Kit 18-55mm III идет в комплекте с объективом, АКБ, ЗУ и кабелем питания, ремнем для безопасного удержания. Камера с CMOS-матрицей 18 Мп позволяет делать четкие и эффектные фотографии с разрешением до 5184x3456 dpi, записывать FullHD-видео. Вы можете подключать внешние накопители SD, SDHC или SDXC, делать серии снимков до заполнения карты памяти.\r\nЗеркальная камера Canon EOS 4000D Kit 18-55mm III оснащена разъемами USB и mini-HDMI, модулем Wi-Fi для беспроводной связи со смартфоном и управления через приложение. Вы можете выбирать разные режимы фокусировки, вспышки, экспозиции и баланса белого. Встроенная функция очистки матрицы удаляет с объектива пыль с помощью вибрации.", "description": "Зеркальный фотоаппарат Canon EOS 4000D Kit 18-55mm III идет в комплекте с объективом, АКБ, ЗУ и кабелем питания, ремнем для безопасного удержания. Камера с CMOS-матрицей 18 Мп позволяет делать четкие и эффектные фотографии с разрешением до 5184x3456 dpi, записывать FullHD-видео. Вы можете подключать внешние накопители SD, SDHC или SDXC, делать серии снимков до заполнения карты памяти.\r\nЗеркальная камера Canon EOS 4000D Kit 18-55mm III оснащена разъемами USB и mini-HDMI, модулем Wi-Fi для беспроводной связи со смартфоном и управления через приложение. Вы можете выбирать разные режимы фокусировки, вспышки, экспозиции и баланса белого. Встроенная функция очистки матрицы удаляет с объектива пыль с помощью вибрации.", "category": 4, "created_by": 1, "create_date": "2023-04-27T16:50:06.814Z", "old_price": "50000.00", "price": "35000.00", "limited_edition": false, "hot_offers": false, "stock_balance": 0, "free_delivery": true, "views_count": 2, "images": [21, 22, 24, 25, 23], "tags": [10]}}, {"model": "app_shop.product", "pk": 9, "fields": {"name": "Зеркальный фотоаппарат Canon EOS 2000D Kit 18-55mm", "published": true, "slug": "zerkalnyij-fotoapparat-canon-eos-2000d-kit-18-55mm", "short_description": "Зеркальный фотоаппарат Canon EOS 2000D Kit 18-55mm DC сочетает в себе передовые технологии и функционал для получения четкого кинематографического видео в Full-HD и снимков с красивым размытием заднего плана. Модель выполнена в черном корпусе из поликарбонатной смолы. Благодаря интерфейсам NFC и Wi-Fi можно управлять камерой дистанционно и легко делиться снимками. На смартфоне или планшете должно быть установлено приложение Canon Camera Connect.", "description": "Зеркальный фотоаппарат Canon EOS 2000D Kit 18-55mm DC сочетает в себе передовые технологии и функционал для получения четкого кинематографического видео в Full-HD и снимков с красивым размытием заднего плана. Модель выполнена в черном корпусе из поликарбонатной смолы. Благодаря интерфейсам NFC и Wi-Fi можно управлять камерой дистанционно и легко делиться снимками. На смартфоне или планшете должно быть установлено приложение Canon Camera Connect.\r\nВ основе Canon EOS 2000D Kit 18-55mm DC лежит CMOS-датчик с 24.1 Мп, область покрытия которого больше до 19 раз, чем у смартфонов. В результате вы сможете создавать снимки с размытым задним планом при слабом освещении. Поддержка светочувствительности 100-6400 ISO позволяет вне зависимости от освещения получать четкие снимки. Съемка в режиме «Live View», который включает в себя творческий авторежим, дает возможность получать подсказки и создавать фотошедевры с фильтрами. Камера использует аккумулятор Canon LP-E10 емкостью 860 мА·ч, заряда которого хватает на 500 снимков.", "category": 4, "created_by": 1, "create_date": "2023-04-27T17:02:59.172Z", "old_price": null, "price": "34999.00", "limited_edition": true, "hot_offers": false, "stock_balance": 60, "free_delivery": true, "views_count": 0, "images": [26, 27, 28], "tags": [10]}}, {"model": "app_shop.product", "pk": 10, "fields": {"name": "Настольный светильник Xiaomi Mi Smart LED Desk Lamp 1S белый", "published": true, "slug": "nastolnyij-svetilnik-xiaomi-mi-smart-led-desk-lamp-1s-belyij", "short_description": "Настольный светильник Xiaomi Mi Smart LED Desk Lamp 1S ‒ функциональный прибор, выполненный в белом пластиковом корпусе. В его основе лежит светодиод мощностью 9 Вт со световым потоком на уровне 520 Лм.", "description": "Настольный светильник Xiaomi Mi Smart LED Desk Lamp 1S ‒ функциональный прибор, выполненный в белом пластиковом корпусе. В его основе лежит светодиод мощностью 9 Вт со световым потоком на уровне 520 Лм. Благодаря оптическому рассеивателю он равномерно освещает пространство, обеспечивая естественное свечение в соответствии с показателем цветовой температуры 2600-5000 К. Такой свет относится к нейтральному спектру, не допускает мерцание, не утомляет глаза, позволяя комфортно работать или читать.\r\nXiaomi Mi Smart LED Desk Lamp 1S обладает четыре режима освещения, заботясь о зрении. Особенность светильника в возможности настройки температуры свечения, яркости, а также напоминании об отдыхе. Поворотный регулятор позволяет настроить яркость и цветовую температуру. Подключаясь по wi-fi, устройство может работать в системе умного дома. Для удаленного управления актуальны такие приложения, как Xiaomi Mi Home и Apple HomeKit. Также можно управлять функциями при помощи голосового помощника.", "category": 5, "created_by": 1, "create_date": "2023-04-27T17:07:14.937Z", "old_price": null, "price": "3900.00", "limited_edition": false, "hot_offers": false, "stock_balance": 0, "free_delivery": true, "views_count": 0, "images": [29, 30], "tags": [7]}}, {"model": "app_shop.product", "pk": 11, "fields": {"name": "Настольный светильник FinePower A-003 белый", "published": true, "slug": "nastolnyij-svetilnik-finepower-a-003-belyij", "short_description": "Настольный светильник FinePower A-003 обладает компактным и гибким корпусом со складной струбциной.", "description": "Настольный светильник FinePower A-003 обладает компактным и гибким корпусом со складной струбциной. Светильник выполнен из белого пластика и металла, и является компактным решением для освещения за рабочим столом.\r\nЦоколь светильника рассчитан на использование с лампами E27 мощностью до 60 Вт. Устанавливать светильник можно на специальную подставку либо струбцину. Питание устройство получает от стандартной электросети 220 В. Настольный светильник FinePower A-003 обладает размерами 85x45x15.5 см.", "category": 5, "created_by": 1, "create_date": "2023-04-27T17:09:49.760Z", "old_price": null, "price": "899.00", "limited_edition": false, "hot_offers": false, "stock_balance": 900, "free_delivery": true, "views_count": 0, "images": [32, 31], "tags": [7]}}, {"model": "app_shop.product", "pk": 12, "fields": {"name": "Настольный светильник FinePower A-003 черный", "published": true, "slug": "nastolnyij-svetilnik-finepower-a-003-chernyij", "short_description": "Настольный светильник FinePower A-003 имеет прочный корпус, форма которого может настраиваться так, как это вам необходимо. Черный цвет осветительного прибора будет способствовать созданию рабочей обстановки.", "description": "Настольный светильник FinePower A-003 имеет прочный корпус, форма которого может настраиваться так, как это вам необходимо. Черный цвет осветительного прибора будет способствовать созданию рабочей обстановки. Масса основания светильника достаточна для обеспечения его устойчивого положения при установке на стол. Преимуществом конструкции модели является возможность ее крепления к столешнице или полке, с помощью идущей в комплекте струбцины.\r\nСветильник FinePower A-003 использует в качестве источника света лампу с самым распространенным типом цоколя: E27. Вы сможете установить лампу накаливания или галогенную, светодиодную или энергосберегающую лампу. Можно будет выбрать не только тип лампы, но и ее цветовую температуру.\r\nПитание прибора осуществляется с помощью подключения к бытовой электрической розетке. Сетевой шнур имеет черный цвет. Для включения и выключения светильника используется выключатель традиционной конструкции, расположенный на сетевом шнуре. Модель упакована в компактную коробку презентабельного вида.", "category": 5, "created_by": 1, "create_date": "2023-04-27T17:12:02.850Z", "old_price": null, "price": "900.00", "limited_edition": false, "hot_offers": false, "stock_balance": 70, "free_delivery": true, "views_count": 1, "images": [33, 34], "tags": [7]}}, {"model": "app_shop.product", "pk": 45, "fields": {"name": "Наушники TWS Aceline Basic Lite розовый", "published": true, "slug": "naushniki-tws-aceline-basic-lite-rozovyij", "short_description": "Наушники TWS Aceline Basic Lite отличаются не только ярким внешним видом, но и высоким качеством звука, а также удобством использования, благодаря чему станут отличным выбором для повседневного использования и позволят вам наслаждаться музыкой, фильмами и другим аудиоконтентом в любое время. Кроме того, за счет встроенного микрофона наушники отлично подойдут для аудиозвонков и позволят вам комфортно общаться, не отвлекаясь от важных дел и любимых занятий.", "description": "Наушники TWS Aceline Basic Lite отличаются не только ярким внешним видом, но и высоким качеством звука, а также удобством использования, благодаря чему станут отличным выбором для повседневного использования и позволят вам наслаждаться музыкой, фильмами и другим аудиоконтентом в любое время. Кроме того, за счет встроенного микрофона наушники отлично подойдут для аудиозвонков и позволят вам комфортно общаться, не отвлекаясь от важных дел и любимых занятий.\r\nКорпус Aceline Basic Lite выполнен из пластика и отличается ярким дизайном, что позволит добавить красок в ваш образ и легко выделиться из толпы. Кроме того, за счет небольшого веса и внутриканальной конструкции модель порадует вас удобной и надежной фиксацией в ушах. Для воспроизведения аудио используются высококачественные закрытые динамики с широким частотным диапазоном, что обеспечивает качественное и детализированное звучание.\r\nПодключение наушников к устройствам производится при помощи протокола Bluetooth. Благодаря его малому энергопотреблению, а также емким аккумуляторам время автономной работы может достигать 2 ч. Для более удобного использования наушники поддерживают управление громкостью аудио при помощи встроенного регулятора. Поставка модели осуществляется в фирменном боксе вместе с кабелем для зарядки и набором ушных насадок.", "category": 7, "created_by": 1, "create_date": "2023-04-28T15:53:10.062Z", "old_price": null, "price": "350.00", "limited_edition": false, "hot_offers": false, "stock_balance": 400, "free_delivery": false, "views_count": 0, "images": [66, 67, 68, 69], "tags": [9]}}, {"model": "app_shop.product", "pk": 46, "fields": {"name": "Наушники TWS F+ Cloud черный", "published": true, "slug": "naushniki-tws-f-cloud-chernyij", "short_description": "Наушники TWS F+ Cloud созданы для комфортного общения и прослушивания музыки на каждый день", "description": "Наушники TWS F+ Cloud созданы для комфортного общения и прослушивания музыки на каждый день. Благодаря эргономичной форме они удобно размещаются в слуховом канале и защищены от различных неблагоприятных воздействий по стандарту IPX4. Динамики с диаметром мембраны 10 мм воспроизводят насыщенный детализированный звук, а встроенный микрофон отвечает за чистую передачу голоса.\r\nБыстрая синхронизация наушников F+ Cloud со смартфоном осуществляется по беспроводной технологии Bluetooth. Кейс позволяет выполнить несколько полноценных циклов зарядки аккумулятора. Одного заряда достаточно для 3-4 часов воспроизведения музыки и общения. Процесс восстановления заряда выполняется через порт Lightning.", "category": 1, "created_by": 1, "create_date": "2023-04-28T15:57:26.281Z", "old_price": null, "price": "300.00", "limited_edition": false, "hot_offers": false, "stock_balance": 60, "free_delivery": true, "views_count": 2, "images": [72, 73, 70, 71], "tags": [9]}}, {"model": "app_shop.product", "pk": 47, "fields": {"name": "Беззеркальная камера Canon EOS M50 Mark II Kit 15-45mm IS STM черная", "published": true, "slug": "bezzerkalnaya-kamera-canon-eos-m50-mark-ii-kit-15-45mm-is-stm-chernaya", "short_description": "Беззеркальная камера Canon EOS M50 Mark II Kit 15-45mm IS STM выполнена в черном корпусе из поликарбоната и использует для работы Li-Ion-аккумулятор. Его емкости хватает на получение 305 снимков.", "description": "Беззеркальная камера Canon EOS M50 Mark II Kit 15-45mm IS STM выполнена в черном корпусе из поликарбоната и использует для работы Li-Ion-аккумулятор. Его емкости хватает на получение 305 снимков. Использовать камеру можно для создания контента для социальных сетей, съемки видео, онлайн-трансляций. Она будет незаменимой для творчества, поскольку позволяет создавать лучшие кадры и видео.\r\nВ основе Canon EOS M50 Mark II Kit 15-45mm IS STM лежит матрица CMOS размером 22.3x14.9 мм с поддержкой 25.8 Мп. Благодаря диафрагме f/3.5-6.3 вы получаете яркие снимки с достаточным количество света. Поддержка светочувствительности в диапазоне 100-25600 ISO дает возможность получать качественные снимки как в помещении, так и на улице при любом освещении.\r\nДля получения качественных видеороликов и красивых фото камера задействует интеллектуальные технологии. Они позволяют раскрыть творческий потенциал оператора-любителя и профессионала. Камера поддерживает серийную съемку со скоростью 10 кадр./сек. Для легкой настройки и просмотра отснятого контента используется сенсорный поворотный экран.", "category": 4, "created_by": 1, "create_date": "2023-04-28T16:19:13.673Z", "old_price": null, "price": "65999.00", "limited_edition": true, "hot_offers": false, "stock_balance": 900, "free_delivery": true, "views_count": 2, "images": [74, 75, 76, 77], "tags": [8]}}, {"model": "app_shop.comment", "pk": 1, "fields": {"author": 1, "email": "maksim@mailr.i", "nickname": "Максим", "product": 7, "text": "Какой крутой самокат", "create_date": "2022-01-20T18:39:51.859Z", "status": "p"}}, {"model": "app_shop.comment", "pk": 2, "fields": {"author": 1, "email": "test@mail.ri", "nickname": "test", "product": 2, "text": "test", "create_date": "2022-01-20T18:48:35.592Z", "status": "p"}}, {"model": "app_shop.comment", "pk": 3, "fields": {"author": 1, "email": "test@mail.ri2", "nickname": "test2", "product": 2, "text": "test2", "create_date": "2022-01-20T18:48:41.624Z", "status": "p"}}, {"model": "app_shop.comment", "pk": 4, "fields": {"author": 2, "email": "vam@man.ru", "nickname": "ivan", "product": 4, "text": "test", "create_date": "2023-04-17T17:04:57.304Z", "status": "p"}}, {"model": "app_cart.deliverymethod", "pk": 5, "fields": {"code": "delivery_price", "display_name": "Custom", "price": "200.00", "min_sum": null, "max_sum": 2000}}, {"model": "app_cart.deliverymethod", "pk": 6, "fields": {"code": "delivery_express_price", "display_name": "Express", "price": "500.00", "min_sum": null, "max_sum": null}}, {"model": "app_cart.deliverymethod", "pk": 7, "fields": {"code": "free_price", "display_name": "Free", "price": "0.00", "min_sum": 2000, "max_sum": null}}, {"model": "app_cart.paymentmethod", "pk": 1, "fields": {"code": "online", "display_name": "Online cart"}}, {"model": "app_cart.paymentmethod", "pk": 2, "fields": {"code": "random_account", "display_name": "Online from a random account"}}, {"model": "app_cart.orderrecord", "pk": 1, "fields": {"product_name": "Проводная гарнитура Aceline AHG-325 черный", "count": 2, "price": "600.00", "order": 1, "product": 3}}, {"model": "app_cart.orderrecord", "pk": 2, "fields": {"product_name": "Проводная гарнитура Edifier G2II черный", "count": 1, "price": "3500.00", "order": 1, "product": 1}}, {"model": "app_cart.orderrecord", "pk": 3, "fields": {"product_name": "Проводная гарнитура Aceline AHG-325 черный", "count": 1, "price": "600.00", "order": 2, "product": 3}}, {"model": "app_cart.orderrecord", "pk": 4, "fields": {"product_name": "Проводная гарнитура Aceline AHG-325 черный", "count": 1, "price": "600.00", "order": 3, "product": 3}}, {"model": "app_cart.orderrecord", "pk": 5, "fields": {"product_name": "Проводная гарнитура Edifier G2II черный", "count": 1, "price": "3500.00", "order": 4, "product": 1}}, {"model": "app_cart.orderrecord", "pk": 6, "fields": {"product_name": "Электросамокат Mekotron KICK SCOOTER JET черный", "count": 1, "price": "8899.00", "order": 4, "product": 7}}, {"model": "app_cart.orderrecord", "pk": 7, "fields": {"product_name": "Проводная гарнитура Aceline AHG-325 черный", "count": 1, "price": "600.00", "order": 4, "product": 3}}, {"model": "app_cart.orderrecord", "pk": 8, "fields": {"product_name": "Радиочастотная гарнитура HyperX Cloud II Wireless черный", "count": 1, "price": "11500.00", "order": 4, "product": 2}}, {"model": "app_cart.orderrecord", "pk": 9, "fields": {"product_name": "Проводная гарнитура Edifier G2II черный", "count": 1, "price": "3500.00", "order": 5, "product": 1}}, {"model": "app_cart.orderrecord", "pk": 10, "fields": {"product_name": "Радиочастотная гарнитура HyperX Cloud II Wireless черный", "count": 1, "price": "11500.00", "order": 5, "product": 2}}, {"model": "app_cart.orderrecord", "pk": 11, "fields": {"product_name": "Электросамокат Mekotron KICK SCOOTER JET черный", "count": 1, "price": "8899.00", "order": 6, "product": 7}}, {"model": "app_cart.orderrecord", "pk": 12, "fields": {"product_name": "Проводная гарнитура Aceline AHG-325 черный", "count": 1, "price": "600.00", "order": 6, "product": 3}}, {"model": "app_cart.orderrecord", "pk": 13, "fields": {"product_name": "Электросамокат Mekotron KICK SCOOTER JET черный", "count": 1, "price": "8899.00", "order": 7, "product": 7}}, {"model": "app_cart.orderrecord", "pk": 14, "fields": {"product_name": "Проводная гарнитура Aceline AHG-325 черный", "count": 1, "price": "600.00", "order": 7, "product": 3}}, {"model": "app_cart.orderrecord", "pk": 15, "fields": {"product_name": "Электросамокат Mekotron KICK SCOOTER JET черный", "count": 1, "price": "8899.00", "order": 8, "product": 7}}, {"model": "app_cart.orderrecord", "pk": 16, "fields": {"product_name": "Проводная гарнитура Aceline AHG-325 черный", "count": 1, "price": "600.00", "order": 8, "product": 3}}, {"model": "app_cart.orderrecord", "pk": 17, "fields": {"product_name": "Электросамокат Mekotron KICK SCOOTER JET черный", "count": 1, "price": "8899.00", "order": 9, "product": 7}}, {"model": "app_cart.orderrecord", "pk": 18, "fields": {"product_name": "Проводная гарнитура Aceline AHG-325 черный", "count": 1, "price": "600.00", "order": 9, "product": 3}}, {"model": "app_cart.orderrecord", "pk": 19, "fields": {"product_name": "Электросамокат Mekotron KICK SCOOTER JET черный", "count": 1, "price": "8899.00", "order": 10, "product": 7}}, {"model": "app_cart.orderrecord", "pk": 20, "fields": {"product_name": "Проводная гарнитура Aceline AHG-325 черный", "count": 1, "price": "600.00", "order": 10, "product": 3}}, {"model": "app_cart.orderrecord", "pk": 21, "fields": {"product_name": "Электросамокат Mekotron KICK SCOOTER JET черный", "count": 1, "price": "8899.00", "order": 11, "product": 7}}, {"model": "app_cart.orderrecord", "pk": 22, "fields": {"product_name": "Проводная гарнитура Aceline AHG-325 черный", "count": 1, "price": "600.00", "order": 11, "product": 3}}, {"model": "app_cart.orderrecord", "pk": 23, "fields": {"product_name": "Проводная гарнитура Aceline AHG-325 черный", "count": 1, "price": "600.00", "order": 12, "product": 3}}, {"model": "app_cart.orderrecord", "pk": 24, "fields": {"product_name": "Электросамокат Mekotron KICK SCOOTER JET черный", "count": 1, "price": "8899.00", "order": 12, "product": 7}}, {"model": "app_cart.orderrecord", "pk": 25, "fields": {"product_name": "Радиочастотная гарнитура HyperX Cloud II Wireless черный", "count": 1, "price": "11500.00", "order": 13, "product": 2}}, {"model": "app_cart.orderrecord", "pk": 26, "fields": {"product_name": "Проводная гарнитура Edifier G2II черный", "count": 1, "price": "3500.00", "order": 13, "product": 1}}, {"model": "app_cart.orderrecord", "pk": 27, "fields": {"product_name": "Колонки 2.0 Defender SPK-33", "count": 5, "price": "350.00", "order": 14, "product": 4}}, {"model": "app_cart.orderrecord", "pk": 28, "fields": {"product_name": "Проводная гарнитура Aceline AHG-325 черный", "count": 1, "price": "600.00", "order": 15, "product": 3}}, {"model": "app_cart.orderrecord", "pk": 29, "fields": {"product_name": "Электросамокат Mekotron KICK SCOOTER JET черный", "count": 1, "price": "8899.00", "order": 16, "product": 7}}, {"model": "app_cart.orderrecord", "pk": 30, "fields": {"product_name": "Проводная гарнитура Aceline AHG-325 черный", "count": 3, "price": "600.00", "order": 16, "product": 3}}, {"model": "app_cart.orderrecord", "pk": 31, "fields": {"product_name": "Проводная гарнитура Edifier G2II черный", "count": 1, "price": "3500.00", "order": 19, "product": 1}}, {"model": "app_cart.orderrecord", "pk": 32, "fields": {"product_name": "Проводная гарнитура Aceline AHG-325 черный", "count": 2, "price": "600.00", "order": 19, "product": 3}}, {"model": "app_cart.orderrecord", "pk": 33, "fields": {"product_name": "Радиочастотная гарнитура HyperX Cloud II Wireless черный", "count": 1, "price": "11500.00", "order": 20, "product": 2}}, {"model": "app_cart.orderrecord", "pk": 34, "fields": {"product_name": "Радиочастотная гарнитура HyperX Cloud II Wireless черный", "count": 1, "price": "11500.00", "order": 21, "product": 2}}, {"model": "app_cart.orderrecord", "pk": 35, "fields": {"product_name": "Радиочастотная гарнитура HyperX Cloud II Wireless черный", "count": 1, "price": "11500.00", "order": 22, "product": 2}}, {"model": "app_cart.orderrecord", "pk": 36, "fields": {"product_name": "Радиочастотная гарнитура HyperX Cloud II Wireless черный", "count": 1, "price": "11500.00", "order": 23, "product": 2}}, {"model": "app_cart.orderrecord", "pk": 37, "fields": {"product_name": "Проводная гарнитура Edifier G2II черный", "count": 2, "price": "3500.00", "order": 23, "product": 1}}, {"model": "app_cart.orderrecord", "pk": 38, "fields": {"product_name": "Проводная гарнитура Aceline AHG-325 черный", "count": 1, "price": "600.00", "order": 24, "product": 3}}, {"model": "app_cart.orderrecord", "pk": 39, "fields": {"product_name": "Радиочастотная гарнитура HyperX Cloud II Wireless черный", "count": 1, "price": "11500.00", "order": 25, "product": 2}}, {"model": "app_cart.orders", "pk": 1, "fields": {"uid": "d1ed568d-b813-491f-960b-bd0f0c37c561", "city": "Москва", "address": "Нет Адреса", "phone": "89513392541", "receiver_name": "Админов Админ", "user": 1, "create_date": "2021-12-14T19:25:49.653Z", "delivery_method": 7, "payment_method": 2, "status": "draft"}}, {"model": "app_cart.orders", "pk": 2, "fields": {"uid": "a9389501-cfaa-4bbc-9a19-855265e95903", "city": "test", "address": "test", "phone": "89513392541", "receiver_name": "Админов Админ", "user": 1, "create_date": "2022-01-10T19:04:08.345Z", "delivery_method": 5, "payment_method": 2, "status": "draft"}}, {"model": "app_cart.orders", "pk": 3, "fields": {"uid": "f9938347-cdf3-49d0-bd82-6702e2a27818", "city": "gfhfg", "address": "gfh", "phone": "89513392541", "receiver_name": "Админов Админ", "user": 1, "create_date": "2022-01-20T19:38:42.975Z", "delivery_method": 6, "payment_method": 2, "status": "draft"}}, {"model": "app_cart.orders", "pk": 4, "fields": {"uid": "efa10d87-027d-4084-90df-7a96a628525b", "city": "курск", "address": "курск", "phone": "89513392541", "receiver_name": "Админов Админ", "user": 1, "create_date": "2022-02-08T18:18:23.601Z", "delivery_method": 7, "payment_method": 2, "status": "payment_error"}}, {"model": "app_cart.orders", "pk": 5, "fields": {"uid": "15839342-51bb-4e87-8667-dc81f9d9fcd9", "city": "ъъх", "address": "ъх\\ъх", "phone": "89513392541", "receiver_name": "Админов Админ", "user": 1, "create_date": "2022-02-08T18:19:12.617Z", "delivery_method": 7, "payment_method": 1, "status": "paid"}}, {"model": "app_cart.orders", "pk": 6, "fields": {"uid": "dffa5b93-29d3-4ada-829c-dce5a5e410b4", "city": "курск", "address": "курск", "phone": "89513392541", "receiver_name": "Админов Админ", "user": 1, "create_date": "2022-02-08T18:20:14.526Z", "delivery_method": 7, "payment_method": 1, "status": "draft"}}, {"model": "app_cart.orders", "pk": 7, "fields": {"uid": "61e3e37e-74f6-4a52-8101-36450d8baa67", "city": "курск", "address": "курск", "phone": "89513392541", "receiver_name": "Админов Админ", "user": 1, "create_date": "2022-02-08T18:29:09.214Z", "delivery_method": 7, "payment_method": 2, "status": "draft"}}, {"model": "app_cart.orders", "pk": 8, "fields": {"uid": "3ad5aa98-dc3f-4d2a-bb60-a5c2e1a07a98", "city": "ytjy", "address": "hgjhg", "phone": "89513392541", "receiver_name": "Админов Админ", "user": 1, "create_date": "2022-02-08T18:37:33.566Z", "delivery_method": 7, "payment_method": 1, "status": "draft"}}, {"model": "app_cart.orders", "pk": 9, "fields": {"uid": "e5f61971-ac54-4218-a217-0c2ff269fa54", "city": "hgjhg", "address": "ghjg", "phone": "89513392541", "receiver_name": "Админов Админ", "user": 1, "create_date": "2022-02-08T18:37:50.992Z", "delivery_method": 7, "payment_method": 2, "status": "draft"}}, {"model": "app_cart.orders", "pk": 10, "fields": {"uid": "cd3ed866-f81d-4a23-9f57-4606f1cde82b", "city": "cfbfg", "address": "fgbgb", "phone": "89513392541", "receiver_name": "Админов Админ", "user": 1, "create_date": "2022-02-08T18:39:19.569Z", "delivery_method": 7, "payment_method": 1, "status": "draft"}}, {"model": "app_cart.orders", "pk": 11, "fields": {"uid": "030f379f-68f2-4896-b93c-c5cbf2db7b52", "city": "dsfds", "address": "sdf", "phone": "89513392541", "receiver_name": "Админов Админ", "user": 1, "create_date": "2022-02-08T18:42:12.987Z", "delivery_method": 7, "payment_method": 2, "status": "payment_error"}}, {"model": "app_cart.orders", "pk": 12, "fields": {"uid": "c2b1fe97-2985-4e68-8158-dd1c4adf22e7", "city": "kursk", "address": "*", "phone": "89513392541", "receiver_name": "Админов Админ", "user": 1, "create_date": "2023-04-17T18:48:52.046Z", "delivery_method": 7, "payment_method": 1, "status": "draft"}}, {"model": "app_cart.orders", "pk": 13, "fields": {"uid": "bbf75f6a-5ed1-4702-93bc-4605ce5c4c23", "city": "*", "address": "*", "phone": "999999999", "receiver_name": "Иванов", "user": 2, "create_date": "2023-04-17T18:51:10.513Z", "delivery_method": 7, "payment_method": 2, "status": "payment_error"}}, {"model": "app_cart.orders", "pk": 14, "fields": {"uid": "893a065a-8a04-4a4c-a41b-6e0e54674cc3", "city": "5", "address": "5", "phone": "999999999", "receiver_name": "Иванов", "user": 2, "create_date": "2023-04-17T18:52:09.105Z", "delivery_method": 6, "payment_method": 2, "status": "paid"}}, {"model": "app_cart.orders", "pk": 15, "fields": {"uid": "d7d0e140-5204-4303-886c-99cd0c4c9bf4", "city": "*", "address": "*", "phone": "89513392541", "receiver_name": "Админов Админ", "user": 1, "create_date": "2023-04-19T12:39:26.550Z", "delivery_method": 5, "payment_method": 2, "status": "paid"}}, {"model": "app_cart.orders", "pk": 16, "fields": {"uid": "9883e3b1-1947-4a35-a36c-70354da2efcf", "city": "9", "address": "9", "phone": "89513392541", "receiver_name": "Админов Админ", "user": 1, "create_date": "2023-04-19T18:21:07.992Z", "delivery_method": 7, "payment_method": 1, "status": "draft"}}, {"model": "app_cart.orders", "pk": 19, "fields": {"uid": "a8edc0f2-4c78-41fe-8265-4449d34c930d", "city": "y", "address": "y", "phone": "89513392541", "receiver_name": "Админов Админ", "user": 1, "create_date": "2023-04-20T15:11:14.030Z", "delivery_method": 7, "payment_method": 1, "status": "paid"}}, {"model": "app_cart.orders", "pk": 20, "fields": {"uid": "e6430807-3e97-4c40-9db9-e3ff2613465e", "city": "p", "address": ";", "phone": "89513392541", "receiver_name": "Админов Админ", "user": 1, "create_date": "2023-04-20T15:21:39.695Z", "delivery_method": 7, "payment_method": 1, "status": "draft"}}, {"model": "app_cart.orders", "pk": 21, "fields": {"uid": "1a773f18-0dea-4e33-ab22-02db3f67be75", "city": "-", "address": "-", "phone": "89513392541", "receiver_name": "Админов Админ", "user": 1, "create_date": "2023-04-20T15:26:20.409Z", "delivery_method": 7, "payment_method": 1, "status": "paid"}}, {"model": "app_cart.orders", "pk": 22, "fields": {"uid": "def082ba-29e5-4779-9e24-76e278ee33c8", "city": "Экспресс г.", "address": "Экспресс ул. д 1478", "phone": "89513392541", "receiver_name": "Админов Админ", "user": 1, "create_date": "2023-04-20T15:38:36.973Z", "delivery_method": 7, "payment_method": 1, "status": "paid"}}, {"model": "app_cart.orders", "pk": 23, "fields": {"uid": "cf421765-5d65-4845-89bc-cae0294d352d", "city": "тест", "address": "тет", "phone": "89513392541", "receiver_name": "Админов Админ", "user": 1, "create_date": "2023-04-20T15:42:43.025Z", "delivery_method": 7, "payment_method": 1, "status": "paid"}}, {"model": "app_cart.orders", "pk": 24, "fields": {"uid": "7d77ad67-c34e-427c-a617-26095060e20d", "city": "---", "address": "---", "phone": "89513392541", "receiver_name": "Админов Админ", "user": 1, "create_date": "2023-04-20T16:45:29.174Z", "delivery_method": 5, "payment_method": 1, "status": "paid"}}, {"model": "app_cart.orders", "pk": 25, "fields": {"uid": "a431765e-b663-41d1-bc5a-a41c9f8feb84", "city": "tesy", "address": "dadaad", "phone": "9622654887", "receiver_name": "test182", "user": 8, "create_date": "2023-05-02T19:26:21.929Z", "delivery_method": 6, "payment_method": 1, "status": "paid"}}, {"model": "app_users.profile", "pk": 2, "fields": {"user": 1, "avatar": "uploads/avatars/VVd3dZhx9f8.jpg", "phone": "89513392541", "is_active": true}}, {"model": "app_users.profile", "pk": 3, "fields": {"user": 2, "avatar": "", "phone": "999999999", "is_active": false}}, {"model": "app_users.profile", "pk": 4, "fields": {"user": 3, "avatar": "uploads/avatars/_concept-b527_gmf.png", "phone": "9999555122", "is_active": false}}, {"model": "app_users.profile", "pk": 5, "fields": {"user": 4, "avatar": "", "phone": "9999999999", "is_active": false}}, {"model": "app_users.profile", "pk": 6, "fields": {"user": 5, "avatar": "", "phone": "9999999998", "is_active": false}}, {"model": "app_users.profile", "pk": 7, "fields": {"user": 6, "avatar": "", "phone": "3251579986", "is_active": false}}, {"model": "app_users.profile", "pk": 8, "fields": {"user": 7, "avatar": "", "phone": "6780989876", "is_active": false}}, {"model": "app_users.profile", "pk": 9, "fields": {"user": 8, "avatar": "", "phone": "9622654887", "is_active": false}}, {"model": "app_blog.blognews", "pk": 1, "fields": {"title": "Music Playing Featured Technologies For Children", "slug": "music-playing-featured-technologies-for-children", "date_create": "2022-02-28T17:37:33.024Z", "text": "LOREM IPSUM DOLOR SIT AMET CONSECTETUER ADIPISCING ELIT SED DIAM NONUMMY NIBH EUISMOD TINCID UNT UT LAOREET DOLORELOREM IPSUM DOLOR SIT AMET CONSECTETUER ADIPISCING ELIT SED DIAM NONUMMY NIBH EUISMOD TINCID UNT UT LAOREET DOLORELOREM IPSUM DOLOR SIT AMET CONSECTETUER ADIPISCING ELIT SED DIAM NONUMMY NIBH EUISMOD TINCID UNT UT LAOREET DOLORELOREM IPSUM DOLOR SIT AMET CONSECTETUER ADIPISCING ELIT SED DIAM NONUMMY NIBH EUISMOD TINCID UNT UT LAOREET DOLORE\r\n\r\nLOREM IPSUM DOLOR SIT AMET CONSECTETUER ADIPISCING ELIT SED DIAM NONUMMY NIBH EUISMOD TINCID UNT UT LAOREET DOLORELOREM IPSUM DOLOR SIT AMET CONSECTETUER ADIPISCING ELIT SED DIAM NONUMMY NIBH EUISMOD TINCID UNT UT LAOREET DOLORE\r\n\r\nLOREM IPSUM DOLOR SIT AMET CONSECTETUER ADIPISCING ELIT SED DIAM NONUMMY NIBH EUISMOD TINCID UNT UT LAOREET DOLORELOREM IPSUM DOLOR SIT AMET CONSECTETUER ADIPISCING ELIT SED DIAM NONUMMY NIBH EUISMOD TINCID UNT UT LAOREET DOLORE", "is_active": true, "image": "uploads/blog/product3.png"}}, {"model": "app_blog.blognews", "pk": 2, "fields": {"title": "Music Playing", "slug": "music-playing", "date_create": "2022-02-28T17:40:00.187Z", "text": "LOREM IPSUM DOLOR SIT AMET CONSECTETUER ADIPISCING ELIT SED DIAM NONUMMY NIBH EUISMOD TINCID UNT UT LAOREET DOLORELOREM IPSUM DOLOR SIT AMET CONSECTETUER ADIPISCING ELIT SED DIAM NONUMMY NIBH EUISMOD TINCID UNT UT LAOREET DOLORELOREM IPSUM DOLOR SIT AMET CONSECTETUER ADIPISCING ELIT SED DIAM NONUMMY NIBH EUISMOD TINCID UNT UT LAOREET DOLORE\r\n\r\nLOREM IPSUM DOLOR SIT AMET CONSECTETUER ADIPISCING ELIT SED DIAM NONUMMY NIBH EUISMOD TINCID UNT UT LAOREET DOLORELOREM IPSUM DOLOR SIT AMET CONSECTETUER ADIPISCING ELIT SED DIAM NONUMMY NIBH EUISMOD TINCID UNT UT LAOREET DOLORE\r\nLOREM IPSUM DOLOR SIT AMET CONSECTETUER ADIPISCING ELIT SED DIAM NONUMMY NIBH EUISMOD TINCID UNT UT LAOREET DOLORELOREM IPSUM DOLOR SIT AMET CONSECTETUER ADIPISCING ELIT SED DIAM NONUMMY NIBH EUISMOD TINCID UNT UT LAOREET DOLORE\r\n\r\n\r\nLOREM IPSUM DOLOR SIT AMET CONSECTETUER ADIPISCING ELIT SED DIAM NONUMMY NIBH EUISMOD TINCID UNT UT LAOREET DOLORE", "is_active": true, "image": "uploads/blog/product4.png"}}, {"model": "app_blog.blognews", "pk": 3, "fields": {"title": "Advanced Virtual Reality Tools Developers & Gamers", "slug": "advanced-virtual-reality-tools-developers-and-gamers", "date_create": "2022-02-28T17:40:31.964Z", "text": "LOREM IPSUM DOLOR SIT AMET CONSECTETUER ADIPISCING ELIT SED DIAM NONUMMY NIBH EUISMOD TINCID UNT UT LAOREET DOLORE\r\n\r\nLOREM IPSUM DOLOR SIT AMET CONSECTETUER ADIPISCING ELIT SED DIAM NONUMMY NIBH EUISMOD TINCID UNT UT LAOREET DOLORE", "is_active": true, "image": "uploads/blog/product2.png"}}, {"model": "app_blog.blognews", "pk": 4, "fields": {"title": "Basic Time Management Advanced Course", "slug": "basic-time-management-advanced-course", "date_create": "2022-02-28T18:35:49.243Z", "text": "LOREM IPSUM DOLOR SIT AMET CONSECTETUER ADIPISCING ELIT SED DIAM NONUMMY NIBH EUISMOD TINCID UNT UT LAOREET DOLORELOREM IPSUM DOLOR SIT AMET CONSECTETUER ADIPISCING ELIT SED DIAM NONUMMY NIBH EUISMOD TINCID UNT UT LAOREET DOLORE\r\n\r\n\r\nLOREM IPSUM DOLOR SIT AMET CONSECTETUER ADIPISCING ELIT SED DIAM NONUMMY NIBH EUISMOD TINCID UNT UT LAOREET DOLORE\r\n\r\n\r\nLOREM IPSUM DOLOR SIT AMET CONSECTETUER ADIPISCING ELIT SED DIAM NONUMMY NIBH EUISMOD TINCID UNT UT LAOREET DOLORE", "is_active": true, "image": "uploads/blog/product1.png"}}, {"model": "app_blog.blognews", "pk": 5, "fields": {"title": "Advanced Virtual Reality Tools Developers & Gamers+", "slug": "Advanced", "date_create": "2022-02-28T18:36:39.162Z", "text": "LOREM IPSUM DOLOR SIT AMET CONSECTETUER ADIPISCING ELIT SED DIAM NONUMMY NIBH EUISMOD TINCID UNT UT LAOREET DOLORELOREM IPSUM DOLOR SIT AMET CONSECTETUER ADIPISCING ELIT SED DIAM NONUMMY NIBH EUISMOD TINCID UNT UT LAOREET DOLORELOREM IPSUM DOLOR SIT AMET CONSECTETUER ADIPISCING ELIT SED DIAM NONUMMY NIBH EUISMOD TINCID UNT UT LAOREET DOLORE\r\n\r\nLOREM IPSUM DOLOR SIT AMET CONSECTETUER ADIPISCING ELIT SED DIAM NONUMMY NIBH EUISMOD TINCID UNT UT LAOREET DOLORELOREM IPSUM DOLOR SIT AMET CONSECTETUER ADIPISCING ELIT SED DIAM NONUMMY NIBH EUISMOD TINCID UNT UT LAOREET DOLORE\r\n\r\nLOREM IPSUM DOLOR SIT AMET CONSECTETUER ADIPISCING ELIT SED DIAM NONUMMY NIBH EUISMOD TINCID UNT UT LAOREET DOLORE", "is_active": true, "image": "uploads/blog/product.png"}}, {"model": "app_blog.blognews", "pk": 6, "fields": {"title": "Basic Time Management Course", "slug": "basic-time-management-course", "date_create": "2022-02-28T18:37:26.132Z", "text": "LOREM IPSUM DOLOR SIT AMET CONSECTETUER ADIPISCING ELIT SED DIAM NONUMMY NIBH EUISMOD TINCID UNT UT LAOREET DOLORELOREM IPSUM DOLOR SIT AMET CONSECTETUER ADIPISCING ELIT SED DIAM NONUMMY NIBH EUI\r\n\r\nLOREM IPSUM DOLOR SIT AMET CONSECTETUER ADIPISCING ELIT SED DIAM NONUMMY NIBH EUISMOD TINCID UNT UT LAOREET DOLORELOREM IPSUM DOLOR SIT AMET CONSECTETUER ADIPISCING ELIT SED DIAM NONUMMY NIBH EUISMOD TINCID UNT UT LAOREET DOLORELOREM IPSUM DOLOR SIT AMET CONSECTETUER ADIPISCING ELIT SED DIAM NONUMMY NIBH EUISMOD TINCID UNT UT LAOREET DOLORE\r\n\r\nLOREM IPSUM DOLOR SIT AMET CONSECTETUER ADIPISCING ELIT SED DIAM NONUMMY NIBH EUISMOD TINCID UNT UT LAOREET DOLORESMOD TINCID UNT UT LAOREET DOLORE", "is_active": false, "image": "uploads/blog/product_1.png"}}, {"model": "app_blog.blognews", "pk": 7, "fields": {"title": "Basic Ti", "slug": "basic-ti", "date_create": "2022-02-28T18:37:57.018Z", "text": "LOREM IPSUM DOLOR SIT AMET CONSECTETUER ADIPISCING ELIT SED DIAM NONUMMY NIBH EUISMOD TINCID UNT UT LAOREET DOLORELOREM IPSUM DOLOR SIT AMET CONSECTETUER ADIPISCING ELIT SED DIAM NONUMMY NIBH EUISMOD TINCID UNT UT LAOREET DOLORELOREM IPSUM DOLOR SIT AMET CONSECTETUER ADIPISCING ELIT SED DIAM NONUMMY NIBH EUISMOD TINCID UNT UT LAOREET DOLORELOREM IPSUM DOLOR SIT AMET CONSECTETUER ADIPISCING ELIT SED DIAM NONUMMY NIBH EUISMOD TINCID UNT UT LAOREET DOLORE", "is_active": false, "image": "uploads/blog/product_amRhvMm_fiaBnt1.png"}}, {"model": "app_blog.blognews", "pk": 8, "fields": {"title": "Advanced Virtual Reality Tools Developers", "slug": "advanced-virtual-reality-tools-developers", "date_create": "2022-02-28T18:38:10.767Z", "text": "LOREM IPSUM DOLOR SIT AMET CONSECTETUER ADIPISCING ELIT SED DIAM NONUMMY NIBH EUISMOD TINCID UNT UT LAOREET DOLORELOREM IPSUM DOLOR SIT AMET CONSECTETUER ADIPISCING ELIT SED DIAM NONUMMY NIBH EUISMOD TINCID UNT UT LAOREET DOLORELOREM IPSUM DOLOR SIT AMET CONSECTETUER ADIPISCING ELIT SED DIAM NONUMMY NIBH EUISMOD TINCID UNT UT LAOREET DOLORELOREM IPSUM DOLOR SIT AMET CONSECTETUER ADIPISCING ELIT SED DIAM NONUMMY NIBH EUISMOD TINCID UNT UT LAOREET DOLORE", "is_active": false, "image": "uploads/blog/product_CgaMiqs.png"}}, {"model": "app_blog.blognews", "pk": 9, "fields": {"title": "Новинка! Проводная клавиатура KEYRON Virgo", "slug": "novinka-provodnaya-klaviatura-keyron-virgo", "date_create": "2022-02-28T18:38:25.999Z", "text": "Благодаря дизайну пишущей ретро-машинки и современным функциям, KEYRON Virgo представляет собой оптимальное сочетание прошлого с настоящим. \r\n\r\nКлавиатура Virgo обладает переключателями Outemu Blue*, что делает модель удобной для набора объемных текстов. Круглые механические клавиши с центральной подсветкой настроены так, чтобы пользователь при соприкосновении с клавиатурой испытал приятные тактильные ощущения и слышал звук щелчка, напоминающий винтажную пишущую машинку. \r\n\r\nПоворотный переключатель на верхней панели не только позволяет быстро отрегулировать уровень громкости, но и сменить режим подсветки клавиатуры. \r\n\r\nУстройство полноразмерное,  включает цифровой блок для полноценной работы не только с текстовой информацией, но и для выполнения вычислительной работы и быстрого ввода чисел. \r\n\r\nКлавиатура KEYRON Virgo имеет безрамочную конструкцию корпуса «скелетон», благодаря этому ее легко очистить от загрязнений.", "is_active": true, "image": "uploads/blog/KEYRON_waifu2x_photo_noise1_scale.png"}}, {"model": "app_blog.blognews", "pk": 10, "fields": {"title": "Basic Time Management+", "slug": "basic-time-management", "date_create": "2022-02-28T18:38:49.009Z", "text": "LOREM IPSUM DOLOR SIT AMET CONSECTETUER ADIPISCING ELIT SED DIAM NONUMMY NIBH EUISMOD TINCID UNT UT LAOREET DOLORELOREM IPSUM DOLOR SIT AMET CONSECTETUER ADIPISCING ELIT SED DIAM NONUMMY NIBH EUISMOD TINCID UNT UT LAOREET DOLORELOREM IPSUM DOLOR SIT AMET CONSECTETUER ADIPISCING ELIT SED DIAM NONUMMY NIBH EUISMOD TINCID UNT UT LAOREET DOLORELOREM IPSUM DOLOR SIT AMET CONSECTETUER ADIPISCING ELIT SED DIAM NONUMMY NIBH EUISMOD TINCID UNT UT LAOREET DOLORE", "is_active": false, "image": "uploads/blog/product_1_fMMInMU.png"}}, {"model": "app_blog.blognews", "pk": 11, "fields": {"title": "Music", "slug": "music", "date_create": "2022-02-28T18:38:59.109Z", "text": "LOREM IPSUM DOLOR SIT AMET CONSECTETUER ADIPISCING ELIT SED DIAM NONUMMY NIBH EUISMOD TINCID UNT UT LAOREET DOLORELOREM IPSUM DOLOR SIT AMET CONSECTETUER ADIPISCING ELIT SED DIAM NONUMMY NIBH EUISMOD TINCID UNT UT LAOREET DOLORELOREM IPSUM DOLOR SIT AMET CONSECTETUER ADIPISCING ELIT SED DIAM NONUMMY NIBH EUISMOD TINCID UNT UT LAOREET DOLORE", "is_active": false, "image": "uploads/blog/product_TR1BMF4.png"}}, {"model": "app_blog.blognews", "pk": 12, "fields": {"title": "Advanced Virtual Reality", "slug": "advanced-virtual-reality", "date_create": "2022-02-28T18:39:14.712Z", "text": "LOREM IPSUM DOLOR SIT AMET CONSECTETUER ADIPISCING ELIT SED DIAM NONUMMY NIBH EUISMOD TINCID UNT UT LAOREET DOLORELOREM IPSUM DOLOR SIT AMET CONSECTETUER ADIPISCING ELIT SED DIAM NONUMMY NIBH EUISMOD TINCID UNT UT LAOREET DOLORELOREM IPSUM DOLOR SIT AMET CONSECTETUER ADIPISCING ELIT SED DIAM NONUMMY NIBH EUISMOD TINCID UNT UT LAOREET DOLORE", "is_active": false, "image": "uploads/blog/product_1_FRX50YC.png"}}, {"model": "app_blog.blognews", "pk": 13, "fields": {"title": "Basic Time Managemenтe", "slug": "basic-time-managemente", "date_create": "2022-02-28T18:39:48.705Z", "text": "LOREM IPSUM DOLOR SIT AMET CONSECTETUER ADIPISCING ELIT SED DIAM NONUMMY NIBH EUISMOD TINCID UNT UT LAOREET DOLORELOREM IPSUM DOLOR SIT AMET CONSECTETUER ADIPISCING ELIT SED DIAM NONUMMY NIBH EUISMOD TINCID UNT UT LAOREET DOLORELOREM IPSUM DOLOR SIT AMET CONSECTETUER ADIPISCING ELIT SED DIAM NONUMMY NIBH EUISMOD TINCID UNT UT LAOREET DOLORELOREM IPSUM DOLOR SIT AMET CONSECTETUER ADIPISCING ELIT SED DIAM NONUMMY NIBH EUISMOD TINCID UNT UT LAOREET DOLORE", "is_active": false, "image": "uploads/blog/product_amRhvMm_uQ0hzpy.png"}}, {"model": "app_blog.blognews", "pk": 14, "fields": {"title": "Новинка! Беспроводной пылесос Viomi Cyber Pro", "slug": "novinka-besprovodnoj-pyilesos-viomi-cyber-pro", "date_create": "2023-04-19T12:56:59.587Z", "text": "Пылесос Viomi Cyber Pro поможет вам избавиться не только от пыли, но и отмоет липкие пятна и другие загрязнения с различных напольных покрытий.   \r\n\r\nНовинка получила высокоскоростной бесщеточный двигатель с частотой вращения 700 об/мин. Сила всасывания достигает 12 500 Па. Объем пылесборника составляет 0,5 л, баков для чистой и грязной воды — по 0,74 л. Вы сможете одновременно проводить и сухую, и влажную уборку. Распыление воды происходит нажатием одной кнопки. Конструкция кромки щетки Viomi Cyber Pro спроектирована так, что она удаляет загрязнения в углах и труднодоступных местах, не оставляя пыли и пятен. Роликовая щетка во время влажной уборки не только моет полы, но и самоочищается чистой водой. Кроме того, вы сможете одним нажатием кнопки очистить и высушить роликовую щетку на станции для хранения пылесоса. \r\n\r\n«Умная» система расхода энергии позволяет экономить заряд батареи емкостью 4 000 мА*ч.  Пылесос автоматически определяет тип покрытия и его загрязнения и регулирует силу всасывания и объем воды для подачи при влажной уборке. Таким образом, вы сможете дольше проводить уборку на большей площади. \r\n\r\nLED-дисплей на корпусе Viomi Cyber Pro проинформирует вас о количестве оставшейся воды, заряде батареи, активирует голосовые подсказки. С его помощью вы сможете выбирать режимы уборки: «Интеллектуальный», «Уничтожение микробов», «Водопоглощение», «Автоматическая очистка». Управление также возможно голосом и дистанционно, через приложение MiHome на смартфоне.", "is_active": true, "image": "uploads/blog/viomi_waifu2x_photo_noise1_scale_X8Tqv0E.png"}}, {"model": "app_blog.blognews", "pk": 15, "fields": {"title": "Компания DNS представляет новинку – электросамокат Aceline FX.", "slug": "kompaniya-dns-predstavlyaet-novinku---elektrosamokat-aceline-fx", "date_create": "2023-04-19T13:00:07.046Z", "text": "С помощью электрического самоката Aceline FX в городской среде можно быстро добраться до места учебы или работы, практически не применяя физической силы. Использовать такое средство передвижение можно не только для повседневных поездок, но и для активного отдыха вдали от городской суеты. Благодаря складной конструкции вы можете взять электросамокат с собой в путешествие, поместив его в багажное отделение автомобиля или общественного транспорта.\r\n\r\nЭлектросамокат Aceline FX способен преодолеть невысокие препятствия и горки на пути. Емкий аккумулятор на 7500 мА*чм хорошо и держит уровень заряда, поэтому автономной работы устройства достаточно, чтобы проехать до 14 км.\r\n\r\n Вы вовремя прибудете в пункт назначения! Новинка оснащена мотором мощностью 359 Вт, который позволит развить скорость до 25 км/ч. \r\n\r\nБезопасность обеспечивают два типа тормозов: механические и электрические. Самокат оснащен фонарем, чтобы осуществлять движение в темное время суток.", "is_active": true, "image": "uploads/blog/viomi_waifu2x_photo_noise1_scale_ssq9btO.png"}}, {"model": "app_blog.blognews", "pk": 16, "fields": {"title": "Эксклюзив! Игровые мыши LAMZU Atlantis Mini", "slug": "eksklyuziv-igrovyie-myishi-lamzu-atlantis-mini", "date_create": "2023-04-19T13:12:00.212Z", "text": "LAMZU Atlantis Mini — беспроводная мышь с топовым оптическим сенсором PixArt PAW3395 с максимальным разрешением датчика 26000 dpi. Мышь изготовлена из высококачественных материалов и тактильно приятна на ощупь, в комплекте имеются сменные ножки.\r\n\r\nМаксимальная скорость отслеживания модели — 650 IPS, максимальное ускорение составляет 50 G, а частота опроса достигает 1 000 Гц.\r\n\r\nДанная модель имеет микропереключатели Huano, с ресурсом до 80 миллионов нажатий. А установленный TTC Golden encoder обеспечит четкие и плавные нажатия и прокрутку колеса. На корпусе вы найдете 6 кнопок, включая боковые и смены DPI/CPI. Возможность программирования позволяет настроить удобное управление для конкретной игры.\r\n\r\nОдно из важных преимуществ LAMZU Atlantis Mini – легкий вес, всего 49 грамм.\r\n\r\nМодель представлена в трех цветах: черном, розовом и белом.", "is_active": true, "image": "uploads/blog/samokat_waifu2x_photo_noise1_scale_ZkgT3jR.png"}}, {"model": "app_blog.blognews", "pk": 17, "fields": {"title": "Зеркальный фотоаппарат Canon EOS 4000D Kit 18-55mm III черный", "slug": "zerkalnyij-fotoapparat-canon-eos-4000d-kit-18-55mm-iii-chernyij", "date_create": "2023-04-27T16:49:13.178Z", "text": "Зеркальный фотоаппарат Canon EOS 4000D Kit 18-55mm III идет в комплекте с объективом, АКБ, ЗУ и кабелем питания, ремнем для безопасного удержания. Камера с CMOS-матрицей 18 Мп позволяет делать четкие и эффектные фотографии с разрешением до 5184x3456 dpi, записывать FullHD-видео. Вы можете подключать внешние накопители SD, SDHC или SDXC, делать серии снимков до заполнения карты памяти.\r\nЗеркальная камера Canon EOS 4000D Kit 18-55mm III оснащена разъемами USB и mini-HDMI, модулем Wi-Fi для беспроводной связи со смартфоном и управления через приложение. Вы можете выбирать разные режимы фокусировки, вспышки, экспозиции и баланса белого. Встроенная функция очистки матрицы удаляет с объектива пыль с помощью вибрации.", "is_active": true, "image": "uploads/blog/cmr-III.jpg"}}]